source,source_user_id,target,target_user_id,OSF bruto,OSF (NPS),SLF bruto,SLF,success_factor,ProjectCount bruto,ProjectCount,weight,Common_project_IDs
Dev241,241,Dev62,62,10.0,1.0,10.0,1.0,1.0,3,0.12,0.12,"[106, 244, 85]"
Dev241,241,Dev82,82,10.0,1.0,10.0,1.0,1.0,2,0.06,0.06,"[106, 246]"
Dev241,241,Dev401,401,10.0,1.0,10.0,1.0,1.0,2,0.06,0.06,"[106, 244]"
Dev241,241,Dev402,402,10.0,1.0,10.0,1.0,1.0,3,0.12,0.12,"[106, 85, 246]"
Dev241,241,Dev200,200,10.0,1.0,10.0,1.0,1.0,2,0.06,0.06,"[248, 106]"
Dev241,241,Dev56,56,10.0,1.0,10.0,1.0,1.0,2,0.06,0.06,"[248, 106]"
Dev241,241,Dev445,445,10.0,1.0,10.0,1.0,1.0,3,0.12,0.12,"[106, 85, 247]"
Dev241,241,Dev283,283,10.0,1.0,10.0,1.0,1.0,2,0.06,0.06,"[106, 244]"
Dev241,241,Dev7,7,10.0,1.0,10.0,1.0,1.0,3,0.12,0.12,"[248, 106, 85]"
Dev241,241,Dev270,270,9.33,0.93,8.33,0.8,0.82,4,0.18,0.14,"[185, 106, 116, 102]"
Dev241,241,Dev351,351,10.0,1.0,10.0,1.0,1.0,2,0.06,0.06,"[106, 85]"
Dev241,241,Dev29,29,9.33,0.93,8.33,0.8,0.82,4,0.18,0.14,"[185, 106, 116, 85]"
Dev62,62,Dev82,82,10.0,1.0,10.0,1.0,1.0,2,0.06,0.06,"[106, 262]"
Dev62,62,Dev401,401,10.0,1.0,10.0,1.0,1.0,3,0.12,0.12,"[106, 244, 262]"
Dev62,62,Dev402,402,10.0,1.0,10.0,1.0,1.0,3,0.12,0.12,"[106, 85, 262]"
Dev62,62,Dev200,200,10.0,1.0,10.0,1.0,1.0,3,0.12,0.12,"[106, 166, 262]"
Dev62,62,Dev56,56,10.0,1.0,10.0,1.0,1.0,2,0.06,0.06,"[106, 262]"
Dev62,62,Dev445,445,10.0,1.0,10.0,1.0,1.0,4,0.18,0.18,"[106, 166, 85, 262]"
Dev62,62,Dev283,283,10.0,1.0,10.0,1.0,1.0,4,0.18,0.18,"[106, 244, 166, 262]"
Dev62,62,Dev7,7,10.0,1.0,10.0,1.0,1.0,4,0.18,0.18,"[106, 85, 166, 262]"
Dev62,62,Dev270,270,10.0,1.0,10.0,1.0,1.0,3,0.12,0.12,"[106, 166, 262]"
Dev62,62,Dev351,351,10.0,1.0,10.0,1.0,1.0,3,0.12,0.12,"[106, 85, 262]"
Dev62,62,Dev29,29,10.0,1.0,10.0,1.0,1.0,3,0.12,0.12,"[106, 85, 262]"
Dev82,82,Dev401,401,10.0,1.0,10.0,1.0,1.0,2,0.06,0.06,"[106, 262]"
Dev82,82,Dev402,402,10.0,1.0,10.0,1.0,1.0,3,0.12,0.12,"[106, 246, 262]"
Dev82,82,Dev200,200,10.0,1.0,10.0,1.0,1.0,2,0.06,0.06,"[106, 262]"
Dev82,82,Dev56,56,10.0,1.0,10.0,1.0,1.0,2,0.06,0.06,"[106, 262]"
Dev82,82,Dev445,445,10.0,1.0,10.0,1.0,1.0,2,0.06,0.06,"[106, 262]"
Dev82,82,Dev283,283,10.0,1.0,10.0,1.0,1.0,2,0.06,0.06,"[106, 262]"
Dev82,82,Dev7,7,10.0,1.0,10.0,1.0,1.0,2,0.06,0.06,"[106, 262]"
Dev82,82,Dev270,270,10.0,1.0,10.0,1.0,1.0,2,0.06,0.06,"[106, 262]"
Dev82,82,Dev351,351,10.0,1.0,10.0,1.0,1.0,2,0.06,0.06,"[106, 262]"
Dev82,82,Dev29,29,10.0,1.0,10.0,1.0,1.0,2,0.06,0.06,"[106, 262]"
Dev401,401,Dev402,402,10.0,1.0,10.0,1.0,1.0,2,0.06,0.06,"[106, 262]"
Dev401,401,Dev200,200,10.0,1.0,10.0,1.0,1.0,2,0.06,0.06,"[106, 262]"
Dev401,401,Dev56,56,10.0,1.0,10.0,1.0,1.0,2,0.06,0.06,"[106, 262]"
Dev401,401,Dev445,445,10.0,1.0,10.0,1.0,1.0,2,0.06,0.06,"[106, 262]"
Dev401,401,Dev283,283,10.0,1.0,10.0,1.0,1.0,3,0.12,0.12,"[106, 244, 262]"
Dev401,401,Dev7,7,10.0,1.0,10.0,1.0,1.0,2,0.06,0.06,"[106, 262]"
Dev401,401,Dev270,270,10.0,1.0,10.0,1.0,1.0,2,0.06,0.06,"[106, 262]"
Dev401,401,Dev351,351,10.0,1.0,10.0,1.0,1.0,2,0.06,0.06,"[106, 262]"
Dev401,401,Dev29,29,10.0,1.0,10.0,1.0,1.0,2,0.06,0.06,"[106, 262]"
Dev402,402,Dev200,200,10.0,1.0,10.0,1.0,1.0,2,0.06,0.06,"[106, 262]"
Dev402,402,Dev56,56,10.0,1.0,10.0,1.0,1.0,2,0.06,0.06,"[106, 262]"
Dev402,402,Dev445,445,10.0,1.0,10.0,1.0,1.0,3,0.12,0.12,"[106, 85, 262]"
Dev402,402,Dev283,283,10.0,1.0,10.0,1.0,1.0,2,0.06,0.06,"[106, 262]"
Dev402,402,Dev7,7,10.0,1.0,10.0,1.0,1.0,3,0.12,0.12,"[106, 85, 262]"
Dev402,402,Dev270,270,10.0,1.0,10.0,1.0,1.0,2,0.06,0.06,"[106, 262]"
Dev402,402,Dev351,351,10.0,1.0,10.0,1.0,1.0,3,0.12,0.12,"[106, 85, 262]"
Dev402,402,Dev29,29,10.0,1.0,10.0,1.0,1.0,3,0.12,0.12,"[106, 85, 262]"
Dev200,200,Dev56,56,10.0,1.0,10.0,1.0,1.0,4,0.18,0.18,"[248, 106, 83, 262]"
Dev200,200,Dev445,445,10.0,1.0,10.0,1.0,1.0,3,0.12,0.12,"[106, 166, 262]"
Dev200,200,Dev283,283,10.0,1.0,10.0,1.0,1.0,3,0.12,0.12,"[106, 166, 262]"
Dev200,200,Dev7,7,10.0,1.0,10.0,1.0,1.0,4,0.18,0.18,"[248, 106, 166, 262]"
Dev200,200,Dev270,270,10.0,1.0,10.0,1.0,1.0,3,0.12,0.12,"[106, 166, 262]"
Dev200,200,Dev351,351,10.0,1.0,10.0,1.0,1.0,3,0.12,0.12,"[106, 83, 262]"
Dev200,200,Dev29,29,10.0,1.0,10.0,1.0,1.0,2,0.06,0.06,"[106, 262]"
Dev56,56,Dev445,445,10.0,1.0,10.0,1.0,1.0,2,0.06,0.06,"[106, 262]"
Dev56,56,Dev283,283,10.0,1.0,10.0,1.0,1.0,2,0.06,0.06,"[106, 262]"
Dev56,56,Dev7,7,10.0,1.0,10.0,1.0,1.0,4,0.18,0.18,"[40, 248, 106, 262]"
Dev56,56,Dev270,270,10.0,1.0,10.0,1.0,1.0,2,0.06,0.06,"[106, 262]"
Dev56,56,Dev351,351,10.0,1.0,10.0,1.0,1.0,3,0.12,0.12,"[106, 83, 262]"
Dev56,56,Dev29,29,10.0,1.0,10.0,1.0,1.0,2,0.06,0.06,"[106, 262]"
Dev445,445,Dev283,283,10.0,1.0,10.0,1.0,1.0,3,0.12,0.12,"[106, 166, 262]"
Dev445,445,Dev7,7,10.0,1.0,10.0,1.0,1.0,4,0.18,0.18,"[106, 166, 85, 262]"
Dev445,445,Dev270,270,10.0,1.0,10.0,1.0,1.0,3,0.12,0.12,"[106, 166, 262]"
Dev445,445,Dev351,351,10.0,1.0,10.0,1.0,1.0,3,0.12,0.12,"[106, 85, 262]"
Dev445,445,Dev29,29,10.0,1.0,10.0,1.0,1.0,3,0.12,0.12,"[106, 85, 262]"
Dev283,283,Dev7,7,10.0,1.0,10.0,1.0,1.0,3,0.12,0.12,"[106, 166, 262]"
Dev283,283,Dev270,270,10.0,1.0,10.0,1.0,1.0,3,0.12,0.12,"[106, 166, 262]"
Dev283,283,Dev351,351,10.0,1.0,10.0,1.0,1.0,2,0.06,0.06,"[106, 262]"
Dev283,283,Dev29,29,10.0,1.0,10.0,1.0,1.0,2,0.06,0.06,"[106, 262]"
Dev7,7,Dev270,270,10.0,1.0,10.0,1.0,1.0,4,0.18,0.18,"[106, 82, 166, 262]"
Dev7,7,Dev351,351,10.0,1.0,10.0,1.0,1.0,3,0.12,0.12,"[106, 85, 262]"
Dev7,7,Dev29,29,10.0,1.0,10.0,1.0,1.0,4,0.18,0.18,"[106, 85, 82, 262]"
Dev270,270,Dev351,351,10.0,1.0,10.0,1.0,1.0,2,0.06,0.06,"[106, 262]"
Dev270,270,Dev29,29,9.33,0.93,8.33,0.8,0.82,5,0.24,0.19,"[262, 106, 82, 116, 185]"
Dev351,351,Dev29,29,10.0,1.0,10.0,1.0,1.0,3,0.12,0.12,"[106, 85, 262]"
Dev241,241,Dev385,385,10.0,1.0,8.0,0.76,0.84,2,0.06,0.05,"[116, 102]"
Dev241,241,Dev404,404,8.75,0.86,7.25,0.68,0.69,5,0.24,0.16,"[102, 232, 116, 185, 157]"
Dev241,241,Dev396,396,9.0,0.89,7.5,0.71,0.73,3,0.12,0.09,"[185, 116, 102]"
Dev241,241,Dev14,14,9.33,0.93,8.33,0.8,0.82,4,0.18,0.14,"[185, 258, 116, 102]"
Dev241,241,Dev431,431,9.0,0.89,7.5,0.71,0.73,2,0.06,0.04,"[185, 116]"
Dev241,241,Dev433,433,9.0,0.89,7.5,0.71,0.73,2,0.06,0.04,"[185, 116]"
Dev241,241,Dev225,225,9.0,0.89,7.5,0.71,0.73,2,0.06,0.04,"[185, 116]"
Dev241,241,Dev358,358,9.33,0.93,7.33,0.69,0.74,3,0.12,0.09,"[232, 185, 116]"
Dev270,270,Dev385,385,10.0,1.0,8.0,0.76,0.84,2,0.06,0.05,"[116, 102]"
Dev270,270,Dev404,404,9.0,0.89,7.5,0.71,0.73,3,0.12,0.09,"[185, 116, 102]"
Dev270,270,Dev396,396,9.0,0.89,7.5,0.71,0.73,3,0.12,0.09,"[185, 116, 102]"
Dev270,270,Dev14,14,9.0,0.89,7.5,0.71,0.73,3,0.12,0.09,"[185, 116, 102]"
Dev270,270,Dev431,431,9.0,0.89,7.5,0.71,0.73,2,0.06,0.04,"[185, 116]"
Dev270,270,Dev433,433,9.0,0.89,7.5,0.71,0.73,2,0.06,0.04,"[185, 116]"
Dev270,270,Dev225,225,9.0,0.89,7.5,0.71,0.73,3,0.12,0.09,"[185, 82, 116]"
Dev270,270,Dev358,358,9.0,0.89,7.5,0.71,0.73,3,0.12,0.09,"[185, 98, 116]"
Dev385,385,Dev404,404,10.0,1.0,8.0,0.76,0.84,2,0.06,0.05,"[116, 102]"
Dev385,385,Dev396,396,10.0,1.0,8.0,0.76,0.84,2,0.06,0.05,"[116, 102]"
Dev385,385,Dev14,14,10.0,1.0,8.0,0.76,0.84,2,0.06,0.05,"[116, 102]"
Dev404,404,Dev396,396,9.0,0.89,7.5,0.71,0.73,3,0.12,0.09,"[185, 116, 102]"
Dev404,404,Dev14,14,9.0,0.89,7.5,0.71,0.73,3,0.12,0.09,"[185, 116, 102]"
Dev404,404,Dev431,431,9.0,0.89,7.5,0.71,0.73,2,0.06,0.04,"[185, 116]"
Dev404,404,Dev433,433,9.0,0.89,7.5,0.71,0.73,2,0.06,0.04,"[185, 116]"
Dev404,404,Dev29,29,9.0,0.89,7.5,0.71,0.73,2,0.06,0.04,"[185, 116]"
Dev404,404,Dev225,225,9.0,0.89,7.5,0.71,0.73,2,0.06,0.04,"[185, 116]"
Dev404,404,Dev358,358,9.33,0.93,7.33,0.69,0.74,3,0.12,0.09,"[232, 185, 116]"
Dev396,396,Dev14,14,9.0,0.89,7.5,0.71,0.73,3,0.12,0.09,"[185, 116, 102]"
Dev396,396,Dev431,431,9.0,0.89,7.5,0.71,0.73,2,0.06,0.04,"[185, 116]"
Dev396,396,Dev433,433,9.0,0.89,7.5,0.71,0.73,2,0.06,0.04,"[185, 116]"
Dev396,396,Dev29,29,9.0,0.89,7.5,0.71,0.73,2,0.06,0.04,"[185, 116]"
Dev396,396,Dev225,225,9.0,0.89,7.5,0.71,0.73,2,0.06,0.04,"[185, 116]"
Dev396,396,Dev358,358,9.0,0.89,7.5,0.71,0.73,2,0.06,0.04,"[185, 116]"
Dev14,14,Dev431,431,9.0,0.89,7.5,0.71,0.73,2,0.06,0.04,"[185, 116]"
Dev14,14,Dev433,433,9.0,0.89,7.5,0.71,0.73,2,0.06,0.04,"[185, 116]"
Dev14,14,Dev29,29,9.0,0.89,7.5,0.71,0.73,2,0.06,0.04,"[185, 116]"
Dev14,14,Dev225,225,9.0,0.89,7.5,0.71,0.73,2,0.06,0.04,"[185, 116]"
Dev14,14,Dev358,358,9.0,0.89,7.5,0.71,0.73,2,0.06,0.04,"[185, 116]"
Dev431,431,Dev433,433,9.0,0.89,7.5,0.71,0.73,2,0.06,0.04,"[185, 116]"
Dev431,431,Dev29,29,9.0,0.89,7.5,0.71,0.73,2,0.06,0.04,"[185, 116]"
Dev431,431,Dev225,225,9.0,0.89,7.5,0.71,0.73,2,0.06,0.04,"[185, 116]"
Dev431,431,Dev358,358,9.0,0.89,7.5,0.71,0.73,2,0.06,0.04,"[185, 116]"
Dev433,433,Dev29,29,9.0,0.89,7.5,0.71,0.73,2,0.06,0.04,"[185, 116]"
Dev433,433,Dev225,225,9.0,0.89,7.5,0.71,0.73,2,0.06,0.04,"[185, 116]"
Dev433,433,Dev358,358,9.0,0.89,7.5,0.71,0.73,2,0.06,0.04,"[185, 116]"
Dev29,29,Dev225,225,8.0,0.78,7.5,0.71,0.66,5,0.24,0.16,"[82, 242, 116, 185, 253]"
Dev29,29,Dev358,358,8.67,0.85,7.33,0.69,0.7,3,0.12,0.08,"[185, 116, 253]"
Dev225,225,Dev358,358,8.67,0.85,7.33,0.69,0.7,3,0.12,0.08,"[185, 116, 253]"
Dev282,282,Dev415,415,4.67,0.41,4.5,0.35,0.29,5,0.24,0.07,"[256, 243, 85, 119, 120]"
Dev282,282,Dev370,370,4.67,0.41,4.5,0.35,0.29,5,0.24,0.07,"[256, 68, 243, 120, 93]"
Dev282,282,Dev316,316,4.67,0.41,4.5,0.35,0.29,8,0.41,0.12,"[256, 68, 69, 243, 85, 119, 120, 93]"
Dev282,282,Dev398,398,3.0,0.22,3.25,0.21,0.15,6,0.29,0.04,"[105, 108, 243, 85, 120, 251]"
Dev282,282,Dev211,211,5.5,0.5,4.75,0.38,0.34,4,0.18,0.06,"[120, 126, 158, 119]"
Dev415,415,Dev370,370,4.67,0.41,4.5,0.35,0.29,3,0.12,0.03,"[256, 243, 120]"
Dev415,415,Dev316,316,4.67,0.41,4.5,0.35,0.29,6,0.29,0.09,"[256, 82, 243, 85, 119, 120]"
Dev415,415,Dev398,398,3.0,0.22,3.25,0.21,0.15,4,0.18,0.03,"[120, 82, 243, 85]"
Dev370,370,Dev316,316,4.67,0.41,4.5,0.35,0.29,5,0.24,0.07,"[256, 68, 243, 120, 93]"
Dev370,370,Dev398,398,3.0,0.22,3.25,0.21,0.15,2,0.06,0.01,"[120, 243]"
Dev316,316,Dev398,398,3.0,0.22,3.25,0.21,0.15,4,0.18,0.03,"[120, 82, 243, 85]"
Dev333,333,Dev282,282,7.5,0.72,5.75,0.5,0.51,3,0.12,0.06,"[250, 158, 127]"
Dev333,333,Dev202,202,7.5,0.72,5.75,0.5,0.51,3,0.12,0.06,"[250, 158, 127]"
Dev333,333,Dev423,423,5.0,0.44,3.5,0.24,0.25,2,0.06,0.01,"[250, 127]"
Dev282,282,Dev202,202,7.5,0.72,5.75,0.5,0.51,5,0.24,0.12,"[105, 108, 250, 158, 127]"
Dev282,282,Dev144,144,5.0,0.44,3.5,0.24,0.25,2,0.06,0.01,"[264, 127]"
Dev282,282,Dev423,423,7.0,0.67,5.75,0.5,0.48,5,0.24,0.11,"[161, 85, 250, 93, 127]"
Dev282,282,Dev247,247,5.0,0.44,3.5,0.24,0.25,3,0.12,0.03,"[252, 85, 127]"
Dev282,282,Dev3,3,5.0,0.44,3.5,0.24,0.25,3,0.12,0.03,"[136, 85, 127]"
Dev202,202,Dev144,144,5.0,0.44,3.5,0.24,0.25,2,0.06,0.01,"[153, 127]"
Dev202,202,Dev423,423,5.0,0.44,3.5,0.24,0.25,2,0.06,0.01,"[250, 127]"
Dev423,423,Dev247,247,5.0,0.44,3.5,0.24,0.25,2,0.06,0.01,"[85, 127]"
Dev423,423,Dev3,3,5.0,0.44,3.5,0.24,0.25,2,0.06,0.01,"[85, 127]"
Dev247,247,Dev36,36,5.0,0.44,3.5,0.24,0.25,2,0.06,0.01,"[82, 127]"
Dev247,247,Dev3,3,5.0,0.44,3.5,0.24,0.25,4,0.18,0.04,"[82, 85, 38, 127]"
Dev36,36,Dev3,3,5.0,0.44,3.5,0.24,0.25,2,0.06,0.01,"[82, 127]"
Dev351,351,Dev105,105,8.0,0.78,6.85,0.63,0.62,6,0.29,0.18,"[192, 129, 260, 133, 265, 138]"
Dev351,351,Dev311,311,8.0,0.78,6.85,0.63,0.62,4,0.18,0.11,"[192, 129, 138, 265]"
Dev351,351,Dev453,453,7.33,0.7,5.8,0.51,0.51,3,0.12,0.06,"[265, 138, 129]"
Dev351,351,Dev205,205,8.0,0.78,7.53,0.71,0.67,3,0.12,0.08,"[192, 129, 265]"
Dev105,105,Dev311,311,8.0,0.78,6.85,0.63,0.62,4,0.18,0.11,"[192, 129, 138, 265]"
Dev105,105,Dev453,453,7.33,0.7,5.8,0.51,0.51,4,0.18,0.09,"[265, 138, 129, 189]"
Dev105,105,Dev205,205,8.0,0.78,7.53,0.71,0.67,3,0.12,0.08,"[192, 129, 265]"
Dev311,311,Dev453,453,7.33,0.7,5.8,0.51,0.51,3,0.12,0.06,"[265, 138, 129]"
Dev311,311,Dev205,205,8.0,0.78,7.53,0.71,0.67,3,0.12,0.08,"[192, 129, 265]"
Dev453,453,Dev205,205,7.0,0.67,6.3,0.56,0.52,2,0.06,0.03,"[265, 129]"
Dev351,351,Dev154,154,9.0,0.89,6.9,0.64,0.68,2,0.06,0.04,"[265, 138]"
Dev351,351,Dev250,250,9.33,0.93,7.93,0.76,0.79,3,0.12,0.09,"[192, 265, 138]"
Dev105,105,Dev154,154,9.0,0.89,6.9,0.64,0.68,3,0.12,0.08,"[265, 138, 190]"
Dev105,105,Dev250,250,9.33,0.93,7.93,0.76,0.79,3,0.12,0.09,"[192, 265, 138]"
Dev154,154,Dev250,250,9.0,0.89,6.9,0.64,0.68,4,0.18,0.12,"[105, 138, 108, 265]"
Dev154,154,Dev311,311,9.0,0.89,6.9,0.64,0.68,2,0.06,0.04,"[265, 138]"
Dev154,154,Dev453,453,9.0,0.89,6.9,0.64,0.68,2,0.06,0.04,"[265, 138]"
Dev250,250,Dev311,311,9.33,0.93,7.93,0.76,0.79,3,0.12,0.09,"[192, 265, 138]"
Dev250,250,Dev453,453,9.0,0.89,6.9,0.64,0.68,2,0.06,0.04,"[265, 138]"
Dev308,308,Dev27,27,10.0,1.0,9.0,0.88,0.92,5,0.24,0.22,"[80, 145, 177, 144, 213]"
Dev308,308,Dev363,363,10.0,1.0,8.67,0.84,0.89,4,0.18,0.16,"[80, 145, 177, 144]"
Dev308,308,Dev411,411,10.0,1.0,8.67,0.84,0.89,4,0.18,0.16,"[80, 145, 177, 144]"
Dev308,308,Dev425,425,10.0,1.0,8.67,0.84,0.89,3,0.12,0.1,"[144, 145, 177]"
Dev308,308,Dev5,5,9.6,0.96,8.8,0.86,0.87,6,0.29,0.26,"[80, 145, 177, 144, 213, 216]"
Dev308,308,Dev447,447,10.0,1.0,8.67,0.84,0.89,3,0.12,0.1,"[144, 145, 177]"
Dev308,308,Dev359,359,9.25,0.92,8.25,0.79,0.8,4,0.18,0.14,"[144, 145, 218, 177]"
Dev27,27,Dev363,363,9.45,0.94,8.73,0.85,0.86,18,1.0,0.86,"[258, 99, 103, 72, 171, 239, 144, 145, 177, 179, 148, 149, 150, 80, 82, 85, 123, 240]"
Dev27,27,Dev411,411,9.45,0.94,8.73,0.85,0.86,17,0.94,0.81,"[258, 72, 171, 239, 80, 145, 82, 144, 148, 85, 149, 150, 179, 177, 123, 284, 240]"
Dev27,27,Dev425,425,9.45,0.94,8.73,0.85,0.86,14,0.76,0.66,"[258, 171, 239, 144, 145, 82, 179, 148, 85, 149, 150, 177, 240, 123]"
Dev27,27,Dev5,5,9.33,0.93,8.78,0.86,0.85,16,0.88,0.75,"[99, 103, 72, 171, 144, 145, 177, 179, 148, 149, 150, 279, 80, 82, 213, 123]"
Dev27,27,Dev447,447,9.45,0.94,8.73,0.85,0.86,14,0.76,0.66,"[258, 171, 239, 144, 145, 82, 179, 148, 85, 149, 150, 177, 240, 123]"
Dev27,27,Dev359,359,10.0,1.0,8.75,0.85,0.9,7,0.35,0.32,"[99, 103, 144, 145, 177, 149, 123]"
Dev363,363,Dev411,411,9.5,0.94,8.83,0.86,0.87,17,0.94,0.82,"[258, 72, 171, 239, 80, 145, 82, 144, 148, 85, 149, 150, 179, 177, 214, 123, 240]"
Dev363,363,Dev425,425,9.5,0.94,8.83,0.86,0.87,15,0.82,0.72,"[258, 171, 239, 144, 145, 82, 179, 148, 85, 149, 150, 177, 214, 123, 240]"
Dev363,363,Dev5,5,9.33,0.93,8.78,0.86,0.85,15,0.82,0.7,"[99, 103, 72, 171, 144, 145, 177, 179, 148, 149, 150, 80, 82, 214, 123]"
Dev363,363,Dev447,447,9.5,0.94,8.83,0.86,0.87,15,0.82,0.72,"[258, 171, 239, 144, 145, 82, 179, 148, 85, 149, 150, 177, 214, 123, 240]"
Dev363,363,Dev359,359,10.0,1.0,8.75,0.85,0.9,7,0.35,0.32,"[99, 103, 144, 145, 177, 149, 123]"
Dev411,411,Dev425,425,9.5,0.94,8.83,0.86,0.87,15,0.82,0.72,"[258, 171, 239, 144, 145, 82, 179, 148, 85, 149, 150, 177, 214, 123, 240]"
Dev411,411,Dev5,5,9.33,0.93,8.78,0.86,0.85,13,0.71,0.6,"[72, 171, 80, 145, 82, 144, 148, 149, 150, 179, 177, 214, 123]"
Dev411,411,Dev447,447,9.5,0.94,8.83,0.86,0.87,15,0.82,0.72,"[258, 171, 239, 144, 145, 82, 179, 148, 85, 149, 150, 177, 214, 123, 240]"
Dev411,411,Dev359,359,10.0,1.0,8.75,0.85,0.9,5,0.24,0.21,"[144, 145, 177, 149, 123]"
Dev425,425,Dev5,5,9.33,0.93,8.78,0.86,0.85,11,0.59,0.5,"[171, 144, 145, 82, 179, 148, 149, 150, 177, 214, 123]"
Dev425,425,Dev447,447,9.5,0.94,8.83,0.86,0.87,15,0.82,0.72,"[258, 171, 239, 144, 145, 82, 179, 148, 85, 149, 150, 177, 214, 123, 240]"
Dev425,425,Dev359,359,10.0,1.0,8.75,0.85,0.9,5,0.24,0.21,"[144, 145, 177, 149, 123]"
Dev5,5,Dev447,447,9.33,0.93,8.78,0.86,0.85,11,0.59,0.5,"[171, 144, 145, 82, 179, 148, 149, 150, 177, 214, 123]"
Dev5,5,Dev359,359,9.6,0.96,8.6,0.84,0.86,9,0.47,0.4,"[99, 103, 123, 144, 145, 177, 212, 149, 91]"
Dev447,447,Dev359,359,10.0,1.0,8.75,0.85,0.9,5,0.24,0.21,"[144, 145, 177, 149, 123]"
Dev46,46,Dev5,5,10.0,1.0,8.0,0.76,0.84,3,0.12,0.1,"[72, 80, 148]"
Dev46,46,Dev27,27,10.0,1.0,8.0,0.76,0.84,3,0.12,0.1,"[72, 80, 148]"
Dev46,46,Dev363,363,10.0,1.0,8.0,0.76,0.84,3,0.12,0.1,"[72, 80, 148]"
Dev46,46,Dev411,411,10.0,1.0,8.0,0.76,0.84,3,0.12,0.1,"[72, 80, 148]"
Dev46,46,Dev324,324,10.0,1.0,8.0,0.76,0.84,3,0.12,0.1,"[72, 80, 148]"
Dev5,5,Dev448,448,9.75,0.97,9.0,0.88,0.9,6,0.29,0.26,"[177, 211, 148, 149, 279, 123]"
Dev5,5,Dev324,324,7.5,0.72,6.9,0.64,0.59,8,0.41,0.24,"[72, 171, 80, 177, 82, 148, 215, 123]"
Dev5,5,Dev305,305,8.5,0.83,8.26,0.8,0.75,15,0.82,0.62,"[99, 103, 171, 177, 211, 148, 212, 150, 215, 214, 217, 213, 123, 216, 57]"
Dev5,5,Dev446,446,8.86,0.87,8.71,0.85,0.81,7,0.35,0.29,"[171, 177, 179, 148, 149, 150, 216]"
Dev27,27,Dev448,448,10.0,1.0,9.0,0.88,0.92,5,0.24,0.22,"[177, 148, 149, 279, 123]"
Dev27,27,Dev324,324,8.0,0.78,8.0,0.76,0.7,7,0.35,0.25,"[72, 171, 80, 177, 82, 148, 123]"
Dev27,27,Dev305,305,8.8,0.87,8.8,0.86,0.82,9,0.47,0.39,"[99, 103, 171, 177, 148, 213, 150, 123, 284]"
Dev27,27,Dev446,446,9.33,0.93,8.89,0.87,0.86,9,0.47,0.4,"[258, 171, 239, 240, 177, 179, 148, 149, 150]"
Dev425,425,Dev448,448,10.0,1.0,9.0,0.88,0.92,4,0.18,0.16,"[177, 123, 148, 149]"
Dev425,425,Dev324,324,8.0,0.78,8.0,0.76,0.7,5,0.24,0.16,"[171, 177, 82, 148, 123]"
Dev425,425,Dev305,305,8.8,0.87,8.8,0.86,0.82,6,0.29,0.24,"[171, 177, 148, 214, 150, 123]"
Dev425,425,Dev446,446,9.33,0.93,8.89,0.87,0.86,9,0.47,0.4,"[258, 171, 239, 240, 177, 179, 148, 149, 150]"
Dev363,363,Dev448,448,10.0,1.0,9.0,0.88,0.92,4,0.18,0.16,"[177, 123, 148, 149]"
Dev363,363,Dev324,324,8.0,0.78,8.0,0.76,0.7,7,0.35,0.25,"[72, 171, 80, 177, 82, 148, 123]"
Dev363,363,Dev305,305,8.8,0.87,8.8,0.86,0.82,8,0.41,0.34,"[99, 103, 171, 177, 148, 150, 214, 123]"
Dev363,363,Dev446,446,9.33,0.93,8.89,0.87,0.86,9,0.47,0.4,"[258, 171, 239, 240, 177, 179, 148, 149, 150]"
Dev411,411,Dev448,448,10.0,1.0,9.0,0.88,0.92,4,0.18,0.16,"[177, 123, 148, 149]"
Dev411,411,Dev324,324,8.0,0.78,8.0,0.76,0.7,7,0.35,0.25,"[72, 171, 80, 177, 82, 148, 123]"
Dev411,411,Dev305,305,8.8,0.87,8.8,0.86,0.82,7,0.35,0.29,"[171, 177, 148, 214, 150, 123, 284]"
Dev411,411,Dev446,446,9.33,0.93,8.89,0.87,0.86,9,0.47,0.4,"[258, 171, 239, 240, 177, 179, 148, 149, 150]"
Dev448,448,Dev447,447,10.0,1.0,9.0,0.88,0.92,4,0.18,0.16,"[177, 123, 148, 149]"
Dev448,448,Dev324,324,10.0,1.0,9.0,0.88,0.92,3,0.12,0.11,"[177, 123, 148]"
Dev448,448,Dev305,305,9.67,0.96,9.0,0.88,0.89,4,0.18,0.16,"[123, 177, 211, 148]"
Dev448,448,Dev446,446,10.0,1.0,9.0,0.88,0.92,3,0.12,0.11,"[177, 148, 149]"
Dev447,447,Dev324,324,8.0,0.78,8.0,0.76,0.7,5,0.24,0.16,"[171, 177, 82, 148, 123]"
Dev447,447,Dev305,305,8.8,0.87,8.8,0.86,0.82,6,0.29,0.24,"[171, 177, 148, 214, 150, 123]"
Dev447,447,Dev446,446,9.33,0.93,8.89,0.87,0.86,9,0.47,0.4,"[258, 171, 239, 240, 177, 179, 148, 149, 150]"
Dev324,324,Dev305,305,7.5,0.72,6.9,0.64,0.59,5,0.24,0.14,"[171, 177, 148, 215, 123]"
Dev324,324,Dev446,446,8.0,0.78,8.0,0.76,0.7,3,0.12,0.08,"[177, 171, 148]"
Dev305,305,Dev446,446,8.4,0.82,8.4,0.81,0.76,5,0.24,0.18,"[171, 177, 148, 150, 216]"
Dev281,281,Dev372,372,10.0,1.0,9.0,0.88,0.92,2,0.06,0.05,"[73, 149]"
Dev281,281,Dev5,5,10.0,1.0,9.5,0.94,0.96,4,0.18,0.17,"[213, 82, 123, 149]"
Dev281,281,Dev27,27,10.0,1.0,9.5,0.94,0.96,4,0.18,0.17,"[213, 82, 123, 149]"
Dev281,281,Dev425,425,10.0,1.0,9.0,0.88,0.92,3,0.12,0.11,"[82, 123, 149]"
Dev281,281,Dev363,363,10.0,1.0,9.0,0.88,0.92,3,0.12,0.11,"[82, 123, 149]"
Dev281,281,Dev411,411,10.0,1.0,9.0,0.88,0.92,3,0.12,0.11,"[82, 123, 149]"
Dev281,281,Dev359,359,10.0,1.0,9.0,0.88,0.92,2,0.06,0.05,"[123, 149]"
Dev281,281,Dev448,448,10.0,1.0,9.0,0.88,0.92,2,0.06,0.05,"[123, 149]"
Dev281,281,Dev326,326,10.0,1.0,9.0,0.88,0.92,2,0.06,0.05,"[123, 149]"
Dev281,281,Dev447,447,10.0,1.0,9.0,0.88,0.92,3,0.12,0.11,"[82, 123, 149]"
Dev372,372,Dev5,5,9.33,0.93,9.0,0.88,0.87,3,0.12,0.1,"[177, 212, 149]"
Dev372,372,Dev27,27,10.0,1.0,9.5,0.94,0.96,2,0.06,0.06,"[177, 149]"
Dev372,372,Dev425,425,10.0,1.0,9.5,0.94,0.96,2,0.06,0.06,"[177, 149]"
Dev372,372,Dev363,363,10.0,1.0,9.5,0.94,0.96,2,0.06,0.06,"[177, 149]"
Dev372,372,Dev411,411,10.0,1.0,9.5,0.94,0.96,2,0.06,0.06,"[177, 149]"
Dev372,372,Dev359,359,9.33,0.93,9.0,0.88,0.87,3,0.12,0.1,"[177, 212, 149]"
Dev372,372,Dev448,448,10.0,1.0,9.5,0.94,0.96,2,0.06,0.06,"[177, 149]"
Dev372,372,Dev326,326,10.0,1.0,9.5,0.94,0.96,2,0.06,0.06,"[177, 149]"
Dev372,372,Dev447,447,10.0,1.0,9.5,0.94,0.96,2,0.06,0.06,"[177, 149]"
Dev372,372,Dev446,446,10.0,1.0,9.5,0.94,0.96,2,0.06,0.06,"[177, 149]"
Dev5,5,Dev326,326,10.0,1.0,9.5,0.94,0.96,5,0.24,0.23,"[80, 177, 149, 217, 123]"
Dev27,27,Dev326,326,10.0,1.0,9.5,0.94,0.96,4,0.18,0.17,"[80, 177, 123, 149]"
Dev425,425,Dev326,326,10.0,1.0,9.5,0.94,0.96,3,0.12,0.11,"[177, 123, 149]"
Dev363,363,Dev326,326,10.0,1.0,9.5,0.94,0.96,4,0.18,0.17,"[80, 177, 123, 149]"
Dev411,411,Dev326,326,10.0,1.0,9.5,0.94,0.96,4,0.18,0.17,"[80, 177, 123, 149]"
Dev359,359,Dev448,448,10.0,1.0,9.5,0.94,0.96,3,0.12,0.11,"[177, 123, 149]"
Dev359,359,Dev326,326,10.0,1.0,9.5,0.94,0.96,3,0.12,0.11,"[177, 123, 149]"
Dev359,359,Dev446,446,10.0,1.0,9.5,0.94,0.96,2,0.06,0.06,"[177, 149]"
Dev448,448,Dev326,326,10.0,1.0,9.5,0.94,0.96,3,0.12,0.11,"[177, 123, 149]"
Dev326,326,Dev447,447,10.0,1.0,9.5,0.94,0.96,3,0.12,0.11,"[177, 123, 149]"
Dev326,326,Dev446,446,10.0,1.0,9.5,0.94,0.96,2,0.06,0.06,"[177, 149]"
Dev5,5,Dev242,242,8.71,0.86,8.37,0.81,0.78,10,0.53,0.41,"[80, 211, 212, 213, 150, 279, 214, 215, 123, 216]"
Dev5,5,Dev220,220,8.67,0.85,7.87,0.75,0.74,8,0.41,0.3,"[103, 123, 44, 80, 177, 150, 215, 91]"
Dev5,5,Dev261,261,9.0,0.89,9.0,0.88,0.85,2,0.06,0.05,"[216, 150]"
Dev5,5,Dev395,395,6.67,0.63,6.53,0.59,0.52,4,0.18,0.09,"[72, 171, 150, 215]"
Dev242,242,Dev220,220,8.0,0.78,6.8,0.62,0.61,4,0.18,0.11,"[80, 123, 150, 215]"
Dev242,242,Dev27,27,10.0,1.0,10.0,1.0,1.0,6,0.29,0.29,"[80, 213, 150, 279, 123, 284]"
Dev242,242,Dev425,425,10.0,1.0,10.0,1.0,1.0,3,0.12,0.12,"[123, 214, 150]"
Dev242,242,Dev363,363,10.0,1.0,10.0,1.0,1.0,4,0.18,0.18,"[80, 123, 214, 150]"
Dev242,242,Dev411,411,10.0,1.0,10.0,1.0,1.0,5,0.24,0.24,"[80, 214, 150, 123, 284]"
Dev242,242,Dev305,305,8.71,0.86,8.37,0.81,0.78,9,0.47,0.37,"[211, 212, 213, 150, 215, 214, 123, 284, 216]"
Dev242,242,Dev447,447,10.0,1.0,10.0,1.0,1.0,3,0.12,0.12,"[123, 214, 150]"
Dev242,242,Dev261,261,9.0,0.89,9.0,0.88,0.85,3,0.12,0.1,"[216, 284, 150]"
Dev242,242,Dev446,446,9.0,0.89,9.0,0.88,0.85,2,0.06,0.05,"[216, 150]"
Dev242,242,Dev395,395,8.0,0.78,6.8,0.62,0.61,2,0.06,0.04,"[150, 215]"
Dev220,220,Dev27,27,10.0,1.0,10.0,1.0,1.0,5,0.24,0.24,"[103, 80, 177, 150, 123]"
Dev220,220,Dev425,425,10.0,1.0,10.0,1.0,1.0,3,0.12,0.12,"[177, 123, 150]"
Dev220,220,Dev363,363,10.0,1.0,10.0,1.0,1.0,5,0.24,0.24,"[103, 80, 177, 150, 123]"
Dev220,220,Dev411,411,10.0,1.0,10.0,1.0,1.0,4,0.18,0.18,"[80, 177, 123, 150]"
Dev220,220,Dev305,305,8.67,0.85,7.87,0.75,0.74,5,0.24,0.17,"[103, 177, 150, 215, 123]"
Dev220,220,Dev447,447,10.0,1.0,10.0,1.0,1.0,3,0.12,0.12,"[177, 123, 150]"
Dev220,220,Dev446,446,10.0,1.0,10.0,1.0,1.0,2,0.06,0.06,"[177, 150]"
Dev220,220,Dev395,395,8.0,0.78,6.8,0.62,0.61,2,0.06,0.04,"[150, 215]"
Dev27,27,Dev261,261,10.0,1.0,10.0,1.0,1.0,2,0.06,0.06,"[284, 150]"
Dev27,27,Dev395,395,7.0,0.67,8.0,0.76,0.63,3,0.12,0.07,"[72, 171, 150]"
Dev425,425,Dev395,395,7.0,0.67,8.0,0.76,0.63,2,0.06,0.04,"[171, 150]"
Dev363,363,Dev395,395,7.0,0.67,8.0,0.76,0.63,3,0.12,0.07,"[72, 171, 150]"
Dev411,411,Dev261,261,10.0,1.0,10.0,1.0,1.0,2,0.06,0.06,"[284, 150]"
Dev411,411,Dev395,395,7.0,0.67,8.0,0.76,0.63,3,0.12,0.07,"[72, 171, 150]"
Dev305,305,Dev261,261,9.0,0.89,9.0,0.88,0.85,3,0.12,0.1,"[216, 284, 150]"
Dev305,305,Dev395,395,6.67,0.63,6.53,0.59,0.52,3,0.12,0.06,"[171, 150, 215]"
Dev447,447,Dev395,395,7.0,0.67,8.0,0.76,0.63,2,0.06,0.04,"[171, 150]"
Dev261,261,Dev446,446,9.0,0.89,9.0,0.88,0.85,2,0.06,0.05,"[216, 150]"
Dev446,446,Dev395,395,7.0,0.67,8.0,0.76,0.63,2,0.06,0.04,"[171, 150]"
Dev18,18,Dev293,293,2.0,0.11,5.0,0.41,0.18,4,0.18,0.03,"[152, 153, 194, 124]"
Dev18,18,Dev17,17,2.0,0.11,5.0,0.41,0.18,3,0.12,0.02,"[152, 194, 124]"
Dev18,18,Dev28,28,2.0,0.11,5.0,0.41,0.18,3,0.12,0.02,"[152, 124, 100]"
Dev18,18,Dev438,438,2.0,0.11,5.0,0.41,0.18,4,0.18,0.03,"[152, 193, 187, 124]"
Dev18,18,Dev144,144,2.0,0.11,5.0,0.41,0.18,2,0.06,0.01,"[152, 153]"
Dev293,293,Dev17,17,2.0,0.11,5.0,0.41,0.18,3,0.12,0.02,"[152, 194, 124]"
Dev293,293,Dev28,28,2.0,0.11,5.0,0.41,0.18,2,0.06,0.01,"[152, 124]"
Dev293,293,Dev438,438,2.0,0.11,5.0,0.41,0.18,2,0.06,0.01,"[152, 124]"
Dev293,293,Dev144,144,2.0,0.11,5.0,0.41,0.18,2,0.06,0.01,"[152, 153]"
Dev17,17,Dev28,28,2.0,0.11,5.0,0.41,0.18,2,0.06,0.01,"[152, 124]"
Dev17,17,Dev438,438,2.0,0.11,5.0,0.41,0.18,2,0.06,0.01,"[152, 124]"
Dev28,28,Dev438,438,2.0,0.11,5.0,0.41,0.18,3,0.12,0.02,"[152, 82, 124]"
Dev180,180,Dev161,161,8.0,0.78,8.5,0.82,0.74,5,0.24,0.17,"[195, 208, 82, 114, 155]"
Dev180,180,Dev53,53,7.5,0.72,6.1,0.54,0.54,5,0.24,0.13,"[196, 209, 82, 114, 155]"
Dev180,180,Dev439,439,7.67,0.74,7.03,0.65,0.61,4,0.18,0.11,"[114, 155, 195, 207]"
Dev180,180,Dev434,434,8.0,0.78,8.0,0.76,0.7,2,0.06,0.04,"[114, 155]"
Dev180,180,Dev136,136,8.0,0.78,8.0,0.76,0.7,3,0.12,0.08,"[114, 35, 155]"
Dev180,180,Dev389,389,7.67,0.74,7.03,0.65,0.61,4,0.18,0.11,"[114, 155, 195, 207]"
Dev180,180,Dev392,392,8.33,0.81,7.33,0.69,0.67,4,0.18,0.12,"[210, 195, 155, 114]"
Dev180,180,Dev390,390,7.33,0.7,5.43,0.46,0.48,4,0.18,0.08,"[114, 155, 196, 207]"
Dev180,180,Dev391,391,7.33,0.7,5.43,0.46,0.48,5,0.24,0.11,"[35, 196, 207, 114, 155]"
Dev180,180,Dev387,387,7.5,0.72,6.1,0.54,0.54,3,0.12,0.06,"[208, 155, 196]"
Dev180,180,Dev46,46,7.8,0.76,6.06,0.54,0.55,7,0.35,0.19,"[195, 196, 207, 208, 209, 210, 155]"
Dev161,161,Dev53,53,8.0,0.78,8.0,0.76,0.7,5,0.24,0.16,"[73, 113, 82, 114, 155]"
Dev161,161,Dev439,439,8.0,0.78,8.5,0.82,0.74,3,0.12,0.09,"[114, 155, 195]"
Dev161,161,Dev434,434,8.0,0.78,8.0,0.76,0.7,2,0.06,0.04,"[114, 155]"
Dev161,161,Dev136,136,8.0,0.78,8.0,0.76,0.7,2,0.06,0.04,"[114, 155]"
Dev161,161,Dev389,389,8.0,0.78,8.5,0.82,0.74,3,0.12,0.09,"[114, 155, 195]"
Dev161,161,Dev392,392,8.0,0.78,8.5,0.82,0.74,3,0.12,0.09,"[114, 195, 155]"
Dev161,161,Dev390,390,8.0,0.78,8.0,0.76,0.7,2,0.06,0.04,"[114, 155]"
Dev161,161,Dev391,391,8.0,0.78,8.0,0.76,0.7,2,0.06,0.04,"[114, 155]"
Dev161,161,Dev387,387,8.0,0.78,8.0,0.76,0.7,2,0.06,0.04,"[208, 155]"
Dev161,161,Dev46,46,8.0,0.78,8.5,0.82,0.74,3,0.12,0.09,"[208, 195, 155]"
Dev53,53,Dev439,439,8.0,0.78,8.0,0.76,0.7,2,0.06,0.04,"[114, 155]"
Dev53,53,Dev434,434,8.0,0.78,8.0,0.76,0.7,2,0.06,0.04,"[114, 155]"
Dev53,53,Dev136,136,8.0,0.78,8.0,0.76,0.7,2,0.06,0.04,"[114, 155]"
Dev53,53,Dev389,389,8.0,0.78,8.0,0.76,0.7,2,0.06,0.04,"[114, 155]"
Dev53,53,Dev392,392,8.0,0.78,8.0,0.76,0.7,2,0.06,0.04,"[114, 155]"
Dev53,53,Dev390,390,7.5,0.72,6.1,0.54,0.54,3,0.12,0.06,"[114, 155, 196]"
Dev53,53,Dev391,391,7.5,0.72,6.1,0.54,0.54,3,0.12,0.06,"[114, 155, 196]"
Dev53,53,Dev55,55,8.0,0.78,8.0,0.76,0.7,2,0.06,0.04,"[8, 155]"
Dev53,53,Dev387,387,7.5,0.72,6.1,0.54,0.54,2,0.06,0.03,"[155, 196]"
Dev53,53,Dev46,46,7.5,0.72,6.1,0.54,0.54,3,0.12,0.06,"[209, 155, 196]"
Dev439,439,Dev434,434,8.0,0.78,8.0,0.76,0.7,2,0.06,0.04,"[114, 155]"
Dev439,439,Dev136,136,8.0,0.78,8.0,0.76,0.7,2,0.06,0.04,"[114, 155]"
Dev439,439,Dev389,389,7.67,0.74,7.03,0.65,0.61,4,0.18,0.11,"[114, 155, 195, 207]"
Dev439,439,Dev392,392,8.0,0.78,8.5,0.82,0.74,3,0.12,0.09,"[114, 155, 195]"
Dev439,439,Dev390,390,7.5,0.72,6.05,0.54,0.53,3,0.12,0.06,"[114, 155, 207]"
Dev439,439,Dev391,391,7.5,0.72,6.05,0.54,0.53,3,0.12,0.06,"[114, 155, 207]"
Dev439,439,Dev46,46,7.67,0.74,7.03,0.65,0.61,3,0.12,0.07,"[155, 195, 207]"
Dev434,434,Dev136,136,8.0,0.78,8.0,0.76,0.7,2,0.06,0.04,"[114, 155]"
Dev434,434,Dev389,389,8.0,0.78,8.0,0.76,0.7,2,0.06,0.04,"[114, 155]"
Dev434,434,Dev392,392,8.0,0.78,8.0,0.76,0.7,2,0.06,0.04,"[114, 155]"
Dev434,434,Dev390,390,8.0,0.78,8.0,0.76,0.7,2,0.06,0.04,"[114, 155]"
Dev434,434,Dev391,391,8.0,0.78,8.0,0.76,0.7,2,0.06,0.04,"[114, 155]"
Dev136,136,Dev389,389,8.0,0.78,8.0,0.76,0.7,2,0.06,0.04,"[114, 155]"
Dev136,136,Dev392,392,8.0,0.78,8.0,0.76,0.7,2,0.06,0.04,"[114, 155]"
Dev136,136,Dev390,390,8.0,0.78,8.0,0.76,0.7,2,0.06,0.04,"[114, 155]"
Dev136,136,Dev391,391,8.0,0.78,8.0,0.76,0.7,3,0.12,0.08,"[114, 35, 155]"
Dev389,389,Dev392,392,8.0,0.78,8.5,0.82,0.74,3,0.12,0.09,"[114, 155, 195]"
Dev389,389,Dev390,390,7.5,0.72,6.05,0.54,0.53,3,0.12,0.06,"[114, 155, 207]"
Dev389,389,Dev391,391,7.5,0.72,6.05,0.54,0.53,3,0.12,0.06,"[114, 155, 207]"
Dev389,389,Dev46,46,7.67,0.74,7.03,0.65,0.61,3,0.12,0.07,"[155, 195, 207]"
Dev392,392,Dev390,390,8.0,0.78,8.0,0.76,0.7,2,0.06,0.04,"[114, 155]"
Dev392,392,Dev391,391,8.0,0.78,8.0,0.76,0.7,2,0.06,0.04,"[114, 155]"
Dev392,392,Dev46,46,8.33,0.81,7.33,0.69,0.67,3,0.12,0.08,"[210, 195, 155]"
Dev390,390,Dev391,391,7.33,0.7,5.43,0.46,0.48,4,0.18,0.08,"[114, 155, 196, 207]"
Dev390,390,Dev387,387,7.5,0.72,6.1,0.54,0.54,2,0.06,0.03,"[155, 196]"
Dev390,390,Dev46,46,7.33,0.7,5.43,0.46,0.48,3,0.12,0.06,"[155, 196, 207]"
Dev391,391,Dev387,387,7.5,0.72,6.1,0.54,0.54,2,0.06,0.03,"[155, 196]"
Dev391,391,Dev46,46,7.33,0.7,5.43,0.46,0.48,3,0.12,0.06,"[155, 196, 207]"
Dev387,387,Dev46,46,7.5,0.72,6.1,0.54,0.54,3,0.12,0.06,"[208, 155, 196]"
Dev38,38,Dev366,366,8.5,0.83,7.0,0.65,0.66,3,0.12,0.08,"[232, 113, 157]"
Dev38,38,Dev152,152,8.5,0.83,7.0,0.65,0.66,4,0.18,0.12,"[232, 113, 98, 157]"
Dev38,38,Dev119,119,8.5,0.83,7.0,0.65,0.66,5,0.24,0.16,"[98, 232, 113, 82, 157]"
Dev38,38,Dev291,291,8.5,0.83,7.0,0.65,0.66,4,0.18,0.12,"[232, 113, 82, 157]"
Dev38,38,Dev97,97,8.5,0.83,7.0,0.65,0.66,3,0.12,0.08,"[232, 113, 157]"
Dev38,38,Dev241,241,8.5,0.83,7.0,0.65,0.66,2,0.06,0.04,"[232, 157]"
Dev38,38,Dev404,404,8.5,0.83,7.0,0.65,0.66,2,0.06,0.04,"[232, 157]"
Dev366,366,Dev152,152,8.5,0.83,7.0,0.65,0.66,3,0.12,0.08,"[232, 113, 157]"
Dev366,366,Dev119,119,8.5,0.83,7.0,0.65,0.66,3,0.12,0.08,"[232, 113, 157]"
Dev366,366,Dev291,291,8.5,0.83,7.0,0.65,0.66,4,0.18,0.12,"[232, 89, 157, 113]"
Dev366,366,Dev97,97,8.5,0.83,7.0,0.65,0.66,4,0.18,0.12,"[232, 89, 157, 113]"
Dev366,366,Dev241,241,8.5,0.83,7.0,0.65,0.66,2,0.06,0.04,"[232, 157]"
Dev366,366,Dev404,404,8.5,0.83,7.0,0.65,0.66,2,0.06,0.04,"[232, 157]"
Dev152,152,Dev119,119,8.5,0.83,7.0,0.65,0.66,5,0.24,0.16,"[65, 98, 232, 113, 157]"
Dev152,152,Dev291,291,8.5,0.83,7.0,0.65,0.66,3,0.12,0.08,"[232, 113, 157]"
Dev152,152,Dev97,97,8.5,0.83,7.0,0.65,0.66,3,0.12,0.08,"[232, 113, 157]"
Dev152,152,Dev241,241,8.5,0.83,7.0,0.65,0.66,2,0.06,0.04,"[232, 157]"
Dev152,152,Dev404,404,8.5,0.83,7.0,0.65,0.66,2,0.06,0.04,"[232, 157]"
Dev119,119,Dev291,291,8.5,0.83,7.0,0.65,0.66,5,0.24,0.16,"[232, 113, 82, 114, 157]"
Dev119,119,Dev97,97,8.5,0.83,7.0,0.65,0.66,3,0.12,0.08,"[232, 113, 157]"
Dev119,119,Dev241,241,8.5,0.83,7.0,0.65,0.66,2,0.06,0.04,"[232, 157]"
Dev119,119,Dev404,404,8.5,0.83,7.0,0.65,0.66,2,0.06,0.04,"[232, 157]"
Dev291,291,Dev97,97,8.5,0.83,7.0,0.65,0.66,4,0.18,0.12,"[232, 89, 157, 113]"
Dev291,291,Dev241,241,8.5,0.83,7.0,0.65,0.66,3,0.12,0.08,"[232, 85, 157]"
Dev291,291,Dev404,404,8.5,0.83,7.0,0.65,0.66,2,0.06,0.04,"[232, 157]"
Dev97,97,Dev241,241,8.5,0.83,7.0,0.65,0.66,2,0.06,0.04,"[232, 157]"
Dev97,97,Dev404,404,8.5,0.83,7.0,0.65,0.66,2,0.06,0.04,"[232, 157]"
Dev14,14,Dev282,282,10.0,1.0,8.0,0.76,0.84,2,0.06,0.05,"[178, 158]"
Dev14,14,Dev211,211,10.0,1.0,8.0,0.76,0.84,5,0.24,0.2,"[38, 87, 91, 158, 95]"
Dev14,14,Dev94,94,10.0,1.0,8.0,0.76,0.84,5,0.24,0.2,"[4, 38, 7, 27, 158]"
Dev14,14,Dev446,446,10.0,1.0,9.0,0.88,0.92,2,0.06,0.05,"[258, 158]"
Dev2,2,Dev282,282,10.0,1.0,8.0,0.76,0.84,2,0.06,0.05,"[158, 126]"
Dev2,2,Dev93,93,10.0,1.0,8.0,0.76,0.84,3,0.12,0.1,"[82, 158, 86]"
Dev2,2,Dev414,414,10.0,1.0,8.0,0.76,0.84,3,0.12,0.1,"[82, 126, 158]"
Dev2,2,Dev333,333,10.0,1.0,8.0,0.76,0.84,2,0.06,0.05,"[86, 158]"
Dev2,2,Dev437,437,10.0,1.0,8.0,0.76,0.84,3,0.12,0.1,"[82, 126, 158]"
Dev2,2,Dev211,211,10.0,1.0,8.0,0.76,0.84,3,0.12,0.1,"[126, 158, 86]"
Dev2,2,Dev94,94,10.0,1.0,8.0,0.76,0.84,2,0.06,0.05,"[82, 158]"
Dev2,2,Dev229,229,10.0,1.0,8.0,0.76,0.84,2,0.06,0.05,"[82, 158]"
Dev282,282,Dev93,93,10.0,1.0,8.0,0.76,0.84,2,0.06,0.05,"[85, 158]"
Dev282,282,Dev414,414,10.0,1.0,8.0,0.76,0.84,3,0.12,0.1,"[126, 85, 158]"
Dev282,282,Dev437,437,10.0,1.0,8.0,0.76,0.84,3,0.12,0.1,"[126, 85, 158]"
Dev282,282,Dev229,229,10.0,1.0,8.0,0.76,0.84,2,0.06,0.05,"[252, 158]"
Dev93,93,Dev414,414,10.0,1.0,8.0,0.76,0.84,3,0.12,0.1,"[82, 85, 158]"
Dev93,93,Dev333,333,10.0,1.0,8.0,0.76,0.84,2,0.06,0.05,"[86, 158]"
Dev93,93,Dev437,437,10.0,1.0,8.0,0.76,0.84,3,0.12,0.1,"[82, 85, 158]"
Dev93,93,Dev211,211,10.0,1.0,8.0,0.76,0.84,2,0.06,0.05,"[158, 86]"
Dev93,93,Dev94,94,10.0,1.0,8.0,0.76,0.84,2,0.06,0.05,"[82, 158]"
Dev93,93,Dev229,229,10.0,1.0,8.0,0.76,0.84,2,0.06,0.05,"[82, 158]"
Dev414,414,Dev437,437,10.0,1.0,8.0,0.76,0.84,4,0.18,0.15,"[82, 126, 85, 158]"
Dev414,414,Dev211,211,10.0,1.0,8.0,0.76,0.84,2,0.06,0.05,"[126, 158]"
Dev414,414,Dev94,94,10.0,1.0,8.0,0.76,0.84,2,0.06,0.05,"[82, 158]"
Dev414,414,Dev229,229,10.0,1.0,8.0,0.76,0.84,2,0.06,0.05,"[82, 158]"
Dev333,333,Dev211,211,10.0,1.0,8.0,0.76,0.84,2,0.06,0.05,"[86, 158]"
Dev437,437,Dev211,211,10.0,1.0,8.0,0.76,0.84,2,0.06,0.05,"[126, 158]"
Dev437,437,Dev94,94,10.0,1.0,8.0,0.76,0.84,2,0.06,0.05,"[82, 158]"
Dev437,437,Dev229,229,10.0,1.0,8.0,0.76,0.84,2,0.06,0.05,"[82, 158]"
Dev211,211,Dev94,94,10.0,1.0,8.0,0.76,0.84,2,0.06,0.05,"[38, 158]"
Dev211,211,Dev446,446,7.0,0.67,7.0,0.65,0.57,2,0.06,0.03,"[171, 158]"
Dev211,211,Dev202,202,10.0,1.0,8.0,0.76,0.84,2,0.06,0.05,"[153, 158]"
Dev94,94,Dev229,229,10.0,1.0,8.0,0.76,0.84,2,0.06,0.05,"[82, 158]"
Dev94,94,Dev446,446,10.0,1.0,9.0,0.88,0.92,2,0.06,0.05,"[179, 158]"
Dev229,229,Dev446,446,10.0,1.0,8.0,0.76,0.84,4,0.18,0.15,"[104, 158, 79, 71]"
Dev282,282,Dev336,336,7.33,0.7,6.67,0.61,0.56,5,0.24,0.13,"[256, 161, 243, 85, 93]"
Dev282,282,Dev335,335,9.0,0.89,8.0,0.76,0.77,3,0.12,0.09,"[161, 93, 85]"
Dev282,282,Dev317,317,7.0,0.67,6.5,0.59,0.53,7,0.35,0.19,"[161, 68, 69, 243, 85, 251, 93]"
Dev282,282,Dev339,339,9.0,0.89,8.0,0.76,0.77,2,0.06,0.05,"[161, 85]"
Dev282,282,Dev399,399,8.5,0.83,7.5,0.71,0.7,5,0.24,0.16,"[256, 161, 105, 108, 85]"
Dev282,282,Dev438,438,9.0,0.89,8.0,0.76,0.77,2,0.06,0.05,"[161, 85]"
Dev336,336,Dev335,335,9.0,0.89,8.0,0.76,0.77,4,0.18,0.14,"[161, 82, 93, 85]"
Dev336,336,Dev317,317,7.0,0.67,6.5,0.59,0.53,5,0.24,0.12,"[161, 82, 243, 85, 93]"
Dev336,336,Dev423,423,9.0,0.89,8.0,0.76,0.77,3,0.12,0.09,"[161, 93, 85]"
Dev336,336,Dev339,339,9.0,0.89,8.0,0.76,0.77,3,0.12,0.09,"[161, 82, 85]"
Dev336,336,Dev399,399,8.5,0.83,7.5,0.71,0.7,4,0.18,0.12,"[256, 161, 82, 85]"
Dev336,336,Dev438,438,9.0,0.89,8.0,0.76,0.77,3,0.12,0.09,"[161, 82, 85]"
Dev335,335,Dev317,317,9.0,0.89,8.0,0.76,0.77,4,0.18,0.14,"[161, 82, 93, 85]"
Dev335,335,Dev423,423,9.0,0.89,8.0,0.76,0.77,3,0.12,0.09,"[161, 93, 85]"
Dev335,335,Dev339,339,9.0,0.89,8.0,0.76,0.77,3,0.12,0.09,"[161, 82, 85]"
Dev335,335,Dev399,399,9.0,0.89,8.0,0.76,0.77,3,0.12,0.09,"[161, 82, 85]"
Dev335,335,Dev438,438,9.0,0.89,8.0,0.76,0.77,3,0.12,0.09,"[161, 82, 85]"
Dev317,317,Dev423,423,9.0,0.89,8.0,0.76,0.77,3,0.12,0.09,"[161, 93, 85]"
Dev317,317,Dev339,339,9.0,0.89,8.0,0.76,0.77,3,0.12,0.09,"[161, 82, 85]"
Dev317,317,Dev399,399,9.0,0.89,8.0,0.76,0.77,3,0.12,0.09,"[161, 82, 85]"
Dev317,317,Dev438,438,9.0,0.89,8.0,0.76,0.77,3,0.12,0.09,"[161, 82, 85]"
Dev423,423,Dev339,339,9.0,0.89,8.0,0.76,0.77,2,0.06,0.05,"[161, 85]"
Dev423,423,Dev399,399,9.0,0.89,8.0,0.76,0.77,2,0.06,0.05,"[161, 85]"
Dev423,423,Dev438,438,9.0,0.89,8.0,0.76,0.77,2,0.06,0.05,"[161, 85]"
Dev339,339,Dev399,399,9.0,0.89,8.0,0.76,0.77,3,0.12,0.09,"[161, 82, 85]"
Dev339,339,Dev438,438,9.0,0.89,8.0,0.76,0.77,3,0.12,0.09,"[161, 82, 85]"
Dev399,399,Dev438,438,9.0,0.89,8.0,0.76,0.77,3,0.12,0.09,"[161, 82, 85]"
Dev89,89,Dev85,85,8.0,0.78,7.0,0.65,0.63,10,0.53,0.33,"[163, 37, 135, 39, 14, 84, 53, 54, 55, 218]"
Dev89,89,Dev198,198,8.0,0.78,7.0,0.65,0.63,10,0.53,0.33,"[163, 37, 135, 39, 14, 84, 53, 54, 55, 218]"
Dev89,89,Dev271,271,9.0,0.89,7.0,0.65,0.69,2,0.06,0.04,"[163, 135]"
Dev89,89,Dev397,397,8.0,0.78,7.0,0.65,0.63,8,0.41,0.26,"[163, 135, 39, 14, 84, 53, 54, 218]"
Dev89,89,Dev223,223,8.0,0.78,7.0,0.65,0.63,10,0.53,0.33,"[163, 37, 135, 39, 14, 84, 53, 54, 55, 218]"
Dev89,89,Dev331,331,8.0,0.78,7.0,0.65,0.63,5,0.24,0.15,"[163, 135, 84, 53, 218]"
Dev89,89,Dev330,330,9.0,0.89,7.0,0.65,0.69,3,0.12,0.08,"[163, 84, 135]"
Dev89,89,Dev373,373,9.0,0.89,7.0,0.65,0.69,3,0.12,0.08,"[163, 84, 135]"
Dev89,89,Dev384,384,9.0,0.89,7.0,0.65,0.69,3,0.12,0.08,"[163, 84, 135]"
Dev89,89,Dev332,332,9.0,0.89,7.0,0.65,0.69,3,0.12,0.08,"[163, 84, 135]"
Dev89,89,Dev356,356,8.0,0.78,7.0,0.65,0.63,2,0.06,0.04,"[218, 163]"
Dev89,89,Dev269,269,8.0,0.78,7.0,0.65,0.63,2,0.06,0.04,"[218, 163]"
Dev89,89,Dev367,367,8.0,0.78,7.0,0.65,0.63,2,0.06,0.04,"[218, 163]"
Dev89,89,Dev327,327,8.0,0.78,7.0,0.65,0.63,5,0.24,0.15,"[163, 84, 53, 55, 218]"
Dev89,89,Dev359,359,8.0,0.78,7.0,0.65,0.63,2,0.06,0.04,"[218, 163]"
Dev85,85,Dev198,198,8.0,0.78,7.0,0.65,0.63,10,0.53,0.33,"[163, 37, 135, 39, 14, 84, 53, 54, 55, 218]"
Dev85,85,Dev271,271,9.0,0.89,7.0,0.65,0.69,2,0.06,0.04,"[163, 135]"
Dev85,85,Dev397,397,8.0,0.78,7.0,0.65,0.63,8,0.41,0.26,"[163, 135, 39, 14, 84, 53, 54, 218]"
Dev85,85,Dev223,223,8.0,0.78,7.0,0.65,0.63,10,0.53,0.33,"[163, 37, 135, 39, 14, 84, 53, 54, 55, 218]"
Dev85,85,Dev331,331,8.0,0.78,7.0,0.65,0.63,5,0.24,0.15,"[163, 135, 84, 53, 218]"
Dev85,85,Dev330,330,9.0,0.89,7.0,0.65,0.69,3,0.12,0.08,"[163, 84, 135]"
Dev85,85,Dev373,373,9.0,0.89,7.0,0.65,0.69,3,0.12,0.08,"[163, 84, 135]"
Dev85,85,Dev384,384,9.0,0.89,7.0,0.65,0.69,3,0.12,0.08,"[163, 84, 135]"
Dev85,85,Dev332,332,9.0,0.89,7.0,0.65,0.69,3,0.12,0.08,"[163, 84, 135]"
Dev85,85,Dev356,356,8.0,0.78,7.0,0.65,0.63,2,0.06,0.04,"[218, 163]"
Dev85,85,Dev269,269,8.0,0.78,7.0,0.65,0.63,2,0.06,0.04,"[218, 163]"
Dev85,85,Dev367,367,8.0,0.78,7.0,0.65,0.63,2,0.06,0.04,"[218, 163]"
Dev85,85,Dev327,327,8.0,0.78,7.0,0.65,0.63,5,0.24,0.15,"[163, 84, 53, 55, 218]"
Dev85,85,Dev359,359,8.0,0.78,7.0,0.65,0.63,2,0.06,0.04,"[218, 163]"
Dev198,198,Dev271,271,9.0,0.89,7.0,0.65,0.69,2,0.06,0.04,"[163, 135]"
Dev198,198,Dev397,397,8.0,0.78,7.0,0.65,0.63,8,0.41,0.26,"[163, 135, 39, 14, 84, 53, 54, 218]"
Dev198,198,Dev223,223,8.0,0.78,7.0,0.65,0.63,10,0.53,0.33,"[163, 37, 135, 39, 14, 84, 53, 54, 55, 218]"
Dev198,198,Dev331,331,8.0,0.78,7.0,0.65,0.63,5,0.24,0.15,"[163, 135, 84, 53, 218]"
Dev198,198,Dev330,330,9.0,0.89,7.0,0.65,0.69,3,0.12,0.08,"[163, 84, 135]"
Dev198,198,Dev373,373,9.0,0.89,7.0,0.65,0.69,3,0.12,0.08,"[163, 84, 135]"
Dev198,198,Dev384,384,9.0,0.89,7.0,0.65,0.69,3,0.12,0.08,"[163, 84, 135]"
Dev198,198,Dev332,332,9.0,0.89,7.0,0.65,0.69,3,0.12,0.08,"[163, 84, 135]"
Dev198,198,Dev356,356,8.0,0.78,7.0,0.65,0.63,2,0.06,0.04,"[218, 163]"
Dev198,198,Dev269,269,8.0,0.78,7.0,0.65,0.63,3,0.12,0.07,"[218, 82, 163]"
Dev198,198,Dev367,367,8.0,0.78,7.0,0.65,0.63,2,0.06,0.04,"[218, 163]"
Dev198,198,Dev327,327,8.0,0.78,7.0,0.65,0.63,5,0.24,0.15,"[163, 84, 53, 55, 218]"
Dev198,198,Dev359,359,8.0,0.78,7.0,0.65,0.63,2,0.06,0.04,"[218, 163]"
Dev271,271,Dev397,397,9.0,0.89,7.0,0.65,0.69,2,0.06,0.04,"[163, 135]"
Dev271,271,Dev223,223,9.0,0.89,7.0,0.65,0.69,2,0.06,0.04,"[163, 135]"
Dev271,271,Dev331,331,9.0,0.89,7.0,0.65,0.69,2,0.06,0.04,"[163, 135]"
Dev271,271,Dev330,330,9.0,0.89,7.0,0.65,0.69,2,0.06,0.04,"[163, 135]"
Dev271,271,Dev373,373,9.0,0.89,7.0,0.65,0.69,2,0.06,0.04,"[163, 135]"
Dev271,271,Dev384,384,9.0,0.89,7.0,0.65,0.69,2,0.06,0.04,"[163, 135]"
Dev271,271,Dev332,332,9.0,0.89,7.0,0.65,0.69,2,0.06,0.04,"[163, 135]"
Dev397,397,Dev223,223,8.0,0.78,7.0,0.65,0.63,8,0.41,0.26,"[163, 135, 39, 14, 84, 53, 54, 218]"
Dev397,397,Dev331,331,8.0,0.78,7.0,0.65,0.63,5,0.24,0.15,"[163, 135, 84, 53, 218]"
Dev397,397,Dev330,330,9.0,0.89,7.0,0.65,0.69,3,0.12,0.08,"[163, 84, 135]"
Dev397,397,Dev373,373,9.0,0.89,7.0,0.65,0.69,3,0.12,0.08,"[163, 84, 135]"
Dev397,397,Dev384,384,9.0,0.89,7.0,0.65,0.69,3,0.12,0.08,"[163, 84, 135]"
Dev397,397,Dev332,332,9.0,0.89,7.0,0.65,0.69,3,0.12,0.08,"[163, 84, 135]"
Dev397,397,Dev356,356,8.0,0.78,7.0,0.65,0.63,2,0.06,0.04,"[218, 163]"
Dev397,397,Dev269,269,8.0,0.78,7.0,0.65,0.63,2,0.06,0.04,"[218, 163]"
Dev397,397,Dev367,367,8.0,0.78,7.0,0.65,0.63,2,0.06,0.04,"[218, 163]"
Dev397,397,Dev327,327,8.0,0.78,7.0,0.65,0.63,4,0.18,0.11,"[218, 163, 84, 53]"
Dev397,397,Dev359,359,8.0,0.78,7.0,0.65,0.63,2,0.06,0.04,"[218, 163]"
Dev223,223,Dev331,331,8.0,0.78,7.0,0.65,0.63,5,0.24,0.15,"[163, 135, 84, 53, 218]"
Dev223,223,Dev330,330,9.0,0.89,7.0,0.65,0.69,3,0.12,0.08,"[163, 84, 135]"
Dev223,223,Dev373,373,9.0,0.89,7.0,0.65,0.69,3,0.12,0.08,"[163, 84, 135]"
Dev223,223,Dev384,384,9.0,0.89,7.0,0.65,0.69,3,0.12,0.08,"[163, 84, 135]"
Dev223,223,Dev332,332,9.0,0.89,7.0,0.65,0.69,3,0.12,0.08,"[163, 84, 135]"
Dev223,223,Dev356,356,8.0,0.78,7.0,0.65,0.63,2,0.06,0.04,"[218, 163]"
Dev223,223,Dev269,269,8.0,0.78,7.0,0.65,0.63,2,0.06,0.04,"[218, 163]"
Dev223,223,Dev367,367,8.0,0.78,7.0,0.65,0.63,2,0.06,0.04,"[218, 163]"
Dev223,223,Dev327,327,8.0,0.78,7.0,0.65,0.63,5,0.24,0.15,"[163, 84, 53, 55, 218]"
Dev223,223,Dev359,359,8.0,0.78,7.0,0.65,0.63,2,0.06,0.04,"[218, 163]"
Dev331,331,Dev330,330,9.0,0.89,7.0,0.65,0.69,3,0.12,0.08,"[163, 84, 135]"
Dev331,331,Dev373,373,9.0,0.89,7.0,0.65,0.69,3,0.12,0.08,"[163, 84, 135]"
Dev331,331,Dev384,384,9.0,0.89,7.0,0.65,0.69,3,0.12,0.08,"[163, 84, 135]"
Dev331,331,Dev332,332,9.0,0.89,7.0,0.65,0.69,3,0.12,0.08,"[163, 84, 135]"
Dev331,331,Dev356,356,8.0,0.78,7.0,0.65,0.63,2,0.06,0.04,"[218, 163]"
Dev331,331,Dev269,269,8.0,0.78,7.0,0.65,0.63,2,0.06,0.04,"[218, 163]"
Dev331,331,Dev367,367,8.0,0.78,7.0,0.65,0.63,2,0.06,0.04,"[218, 163]"
Dev331,331,Dev327,327,8.0,0.78,7.0,0.65,0.63,4,0.18,0.11,"[218, 163, 84, 53]"
Dev331,331,Dev359,359,8.0,0.78,7.0,0.65,0.63,2,0.06,0.04,"[218, 163]"
Dev330,330,Dev373,373,9.0,0.89,7.0,0.65,0.69,3,0.12,0.08,"[163, 84, 135]"
Dev330,330,Dev384,384,9.0,0.89,7.0,0.65,0.69,3,0.12,0.08,"[163, 84, 135]"
Dev330,330,Dev332,332,9.0,0.89,7.0,0.65,0.69,3,0.12,0.08,"[163, 84, 135]"
Dev330,330,Dev327,327,9.0,0.89,7.0,0.65,0.69,2,0.06,0.04,"[163, 84]"
Dev373,373,Dev384,384,9.0,0.89,7.0,0.65,0.69,3,0.12,0.08,"[163, 84, 135]"
Dev373,373,Dev332,332,9.0,0.89,7.0,0.65,0.69,3,0.12,0.08,"[163, 84, 135]"
Dev373,373,Dev327,327,9.0,0.89,7.0,0.65,0.69,2,0.06,0.04,"[163, 84]"
Dev384,384,Dev332,332,9.0,0.89,7.0,0.65,0.69,3,0.12,0.08,"[163, 84, 135]"
Dev384,384,Dev327,327,9.0,0.89,7.0,0.65,0.69,2,0.06,0.04,"[163, 84]"
Dev332,332,Dev327,327,9.0,0.89,7.0,0.65,0.69,2,0.06,0.04,"[163, 84]"
Dev178,178,Dev356,356,9.0,0.89,7.0,0.65,0.69,2,0.06,0.04,"[163, 79]"
Dev356,356,Dev269,269,8.0,0.78,7.0,0.65,0.63,2,0.06,0.04,"[218, 163]"
Dev356,356,Dev367,367,8.0,0.78,7.0,0.65,0.63,2,0.06,0.04,"[218, 163]"
Dev356,356,Dev327,327,8.0,0.78,7.0,0.65,0.63,2,0.06,0.04,"[218, 163]"
Dev356,356,Dev359,359,8.0,0.78,7.0,0.65,0.63,2,0.06,0.04,"[218, 163]"
Dev269,269,Dev367,367,8.0,0.78,7.0,0.65,0.63,2,0.06,0.04,"[218, 163]"
Dev269,269,Dev327,327,8.0,0.78,7.0,0.65,0.63,2,0.06,0.04,"[218, 163]"
Dev269,269,Dev359,359,8.0,0.78,7.0,0.65,0.63,2,0.06,0.04,"[218, 163]"
Dev367,367,Dev327,327,8.0,0.78,7.0,0.65,0.63,2,0.06,0.04,"[218, 163]"
Dev367,367,Dev359,359,8.0,0.78,7.0,0.65,0.63,2,0.06,0.04,"[218, 163]"
Dev327,327,Dev359,359,8.0,0.78,7.0,0.65,0.63,2,0.06,0.04,"[218, 163]"
Dev18,18,Dev16,16,9.0,0.89,8.0,0.76,0.77,6,0.29,0.23,"[194, 100, 164, 239, 240, 115]"
Dev18,18,Dev45,45,7.0,0.67,7.0,0.65,0.57,3,0.12,0.07,"[100, 115, 164]"
Dev18,18,Dev351,351,7.0,0.67,7.0,0.65,0.57,3,0.12,0.07,"[83, 115, 164]"
Dev18,18,Dev174,174,7.0,0.67,7.0,0.65,0.57,2,0.06,0.03,"[115, 164]"
Dev18,18,Dev183,183,7.0,0.67,7.0,0.65,0.57,5,0.24,0.13,"[193, 164, 115, 187, 124]"
Dev18,18,Dev236,236,8.5,0.83,7.0,0.65,0.66,2,0.06,0.04,"[164, 239]"
Dev18,18,Dev435,435,8.5,0.83,7.0,0.65,0.66,2,0.06,0.04,"[164, 239]"
Dev16,16,Dev45,45,7.0,0.67,7.0,0.65,0.57,3,0.12,0.07,"[100, 115, 164]"
Dev16,16,Dev351,351,7.0,0.67,7.0,0.65,0.57,2,0.06,0.03,"[115, 164]"
Dev16,16,Dev174,174,7.0,0.67,7.0,0.65,0.57,2,0.06,0.03,"[115, 164]"
Dev16,16,Dev183,183,7.0,0.67,7.0,0.65,0.57,2,0.06,0.03,"[115, 164]"
Dev16,16,Dev236,236,8.5,0.83,7.0,0.65,0.66,2,0.06,0.04,"[164, 239]"
Dev16,16,Dev435,435,8.5,0.83,7.0,0.65,0.66,2,0.06,0.04,"[164, 239]"
Dev45,45,Dev351,351,7.0,0.67,7.0,0.65,0.57,2,0.06,0.03,"[115, 164]"
Dev45,45,Dev174,174,7.0,0.67,7.0,0.65,0.57,2,0.06,0.03,"[115, 164]"
Dev45,45,Dev183,183,7.0,0.67,7.0,0.65,0.57,2,0.06,0.03,"[115, 164]"
Dev351,351,Dev174,174,7.0,0.67,7.0,0.65,0.57,2,0.06,0.03,"[115, 164]"
Dev351,351,Dev183,183,7.0,0.67,7.0,0.65,0.57,2,0.06,0.03,"[115, 164]"
Dev174,174,Dev183,183,7.0,0.67,7.0,0.65,0.57,2,0.06,0.03,"[115, 164]"
Dev236,236,Dev435,435,8.5,0.83,7.0,0.65,0.66,3,0.12,0.08,"[164, 109, 239]"
Dev5,5,Dev211,211,4.0,0.33,6.0,0.53,0.33,3,0.12,0.04,"[123, 91, 171]"
Dev5,5,Dev48,48,7.0,0.67,8.0,0.76,0.63,2,0.06,0.04,"[171, 213]"
Dev5,5,Dev170,170,7.33,0.7,8.0,0.76,0.66,3,0.12,0.08,"[216, 177, 171]"
Dev5,5,Dev214,214,8.0,0.78,8.67,0.84,0.75,3,0.12,0.09,"[171, 179, 214]"
Dev211,211,Dev324,324,4.0,0.33,6.0,0.53,0.33,2,0.06,0.02,"[123, 171]"
Dev211,211,Dev48,48,4.0,0.33,6.0,0.53,0.33,2,0.06,0.02,"[171, 86]"
Dev211,211,Dev27,27,4.0,0.33,6.0,0.53,0.33,2,0.06,0.02,"[123, 171]"
Dev211,211,Dev411,411,4.0,0.33,6.0,0.53,0.33,2,0.06,0.02,"[123, 171]"
Dev211,211,Dev425,425,4.0,0.33,6.0,0.53,0.33,2,0.06,0.02,"[123, 171]"
Dev211,211,Dev363,363,4.0,0.33,6.0,0.53,0.33,2,0.06,0.02,"[123, 171]"
Dev211,211,Dev305,305,4.0,0.33,6.0,0.53,0.33,2,0.06,0.02,"[123, 171]"
Dev211,211,Dev214,214,4.0,0.33,6.0,0.53,0.33,2,0.06,0.02,"[131, 171]"
Dev211,211,Dev447,447,4.0,0.33,6.0,0.53,0.33,2,0.06,0.02,"[123, 171]"
Dev324,324,Dev395,395,5.0,0.44,4.8,0.39,0.32,3,0.12,0.04,"[72, 171, 215]"
Dev324,324,Dev170,170,7.0,0.67,8.0,0.76,0.63,2,0.06,0.04,"[177, 171]"
Dev48,48,Dev27,27,7.0,0.67,8.0,0.76,0.63,2,0.06,0.04,"[171, 213]"
Dev48,48,Dev305,305,7.0,0.67,8.0,0.76,0.63,2,0.06,0.04,"[171, 213]"
Dev27,27,Dev170,170,7.0,0.67,8.0,0.76,0.63,2,0.06,0.04,"[177, 171]"
Dev27,27,Dev214,214,7.0,0.67,8.0,0.76,0.63,2,0.06,0.04,"[171, 179]"
Dev411,411,Dev170,170,7.0,0.67,8.0,0.76,0.63,2,0.06,0.04,"[177, 171]"
Dev411,411,Dev214,214,8.0,0.78,8.67,0.84,0.75,3,0.12,0.09,"[171, 179, 214]"
Dev170,170,Dev425,425,7.0,0.67,8.0,0.76,0.63,2,0.06,0.04,"[177, 171]"
Dev170,170,Dev363,363,7.0,0.67,8.0,0.76,0.63,2,0.06,0.04,"[177, 171]"
Dev170,170,Dev305,305,7.33,0.7,8.0,0.76,0.66,3,0.12,0.08,"[216, 177, 171]"
Dev170,170,Dev447,447,7.0,0.67,8.0,0.76,0.63,2,0.06,0.04,"[177, 171]"
Dev170,170,Dev446,446,7.33,0.7,8.0,0.76,0.66,3,0.12,0.08,"[216, 177, 171]"
Dev425,425,Dev214,214,8.0,0.78,8.67,0.84,0.75,3,0.12,0.09,"[171, 179, 214]"
Dev363,363,Dev214,214,8.0,0.78,8.67,0.84,0.75,3,0.12,0.09,"[171, 179, 214]"
Dev305,305,Dev214,214,7.0,0.67,8.0,0.76,0.63,2,0.06,0.04,"[171, 214]"
Dev214,214,Dev447,447,8.0,0.78,8.67,0.84,0.75,3,0.12,0.09,"[171, 179, 214]"
Dev214,214,Dev446,446,7.0,0.67,8.0,0.76,0.63,2,0.06,0.04,"[171, 179]"
Dev290,290,Dev8,8,8.5,0.83,6.0,0.53,0.59,3,0.12,0.07,"[92, 205, 175]"
Dev290,290,Dev227,227,8.5,0.83,6.0,0.53,0.59,3,0.12,0.07,"[175, 205, 71]"
Dev290,290,Dev382,382,8.5,0.83,6.0,0.53,0.59,3,0.12,0.07,"[205, 79, 175]"
Dev290,290,Dev138,138,7.75,0.75,6.75,0.62,0.6,6,0.29,0.18,"[205, 79, 175, 242, 85, 253]"
Dev290,290,Dev142,142,7.75,0.75,6.75,0.62,0.6,9,0.47,0.28,"[71, 205, 175, 79, 82, 242, 85, 92, 253]"
Dev290,290,Dev140,140,7.75,0.75,6.75,0.62,0.6,5,0.24,0.14,"[205, 79, 175, 242, 253]"
Dev290,290,Dev137,137,8.5,0.83,6.0,0.53,0.59,7,0.35,0.21,"[71, 205, 175, 79, 82, 85, 92]"
Dev290,290,Dev225,225,7.75,0.75,6.75,0.62,0.6,7,0.35,0.21,"[71, 205, 175, 82, 242, 92, 253]"
Dev8,8,Dev227,227,9.0,0.89,7.33,0.69,0.72,3,0.12,0.08,"[240, 205, 175]"
Dev8,8,Dev382,382,8.5,0.83,6.0,0.53,0.59,2,0.06,0.03,"[205, 175]"
Dev8,8,Dev138,138,8.5,0.83,6.0,0.53,0.59,2,0.06,0.03,"[205, 175]"
Dev8,8,Dev142,142,8.5,0.83,6.0,0.53,0.59,4,0.18,0.1,"[104, 92, 205, 175]"
Dev8,8,Dev140,140,8.5,0.83,6.0,0.53,0.59,2,0.06,0.03,"[205, 175]"
Dev8,8,Dev137,137,8.5,0.83,6.0,0.53,0.59,5,0.24,0.14,"[104, 205, 175, 151, 92]"
Dev8,8,Dev225,225,8.5,0.83,6.0,0.53,0.59,4,0.18,0.1,"[175, 92, 205, 47]"
Dev227,227,Dev382,382,8.5,0.83,6.0,0.53,0.59,2,0.06,0.03,"[205, 175]"
Dev227,227,Dev138,138,8.5,0.83,6.0,0.53,0.59,2,0.06,0.03,"[205, 175]"
Dev227,227,Dev142,142,8.5,0.83,6.0,0.53,0.59,3,0.12,0.07,"[175, 205, 71]"
Dev227,227,Dev140,140,8.5,0.83,6.0,0.53,0.59,2,0.06,0.03,"[205, 175]"
Dev227,227,Dev137,137,8.5,0.83,6.0,0.53,0.59,3,0.12,0.07,"[175, 205, 71]"
Dev227,227,Dev225,225,8.5,0.83,6.0,0.53,0.59,5,0.24,0.14,"[71, 109, 205, 175, 46]"
Dev382,382,Dev138,138,8.5,0.83,6.0,0.53,0.59,3,0.12,0.07,"[205, 79, 175]"
Dev382,382,Dev142,142,8.5,0.83,6.0,0.53,0.59,3,0.12,0.07,"[205, 79, 175]"
Dev382,382,Dev140,140,8.5,0.83,6.0,0.53,0.59,3,0.12,0.07,"[205, 79, 175]"
Dev382,382,Dev137,137,8.5,0.83,6.0,0.53,0.59,3,0.12,0.07,"[205, 79, 175]"
Dev382,382,Dev225,225,8.5,0.83,6.0,0.53,0.59,2,0.06,0.03,"[205, 175]"
Dev138,138,Dev142,142,7.75,0.75,6.75,0.62,0.6,8,0.41,0.25,"[205, 78, 79, 175, 242, 85, 25, 253]"
Dev138,138,Dev140,140,7.75,0.75,6.75,0.62,0.6,7,0.35,0.21,"[205, 78, 79, 175, 242, 25, 253]"
Dev138,138,Dev137,137,8.5,0.83,6.0,0.53,0.59,4,0.18,0.1,"[85, 205, 79, 175]"
Dev138,138,Dev225,225,7.75,0.75,6.75,0.62,0.6,4,0.18,0.11,"[253, 242, 205, 175]"
Dev142,142,Dev140,140,7.75,0.75,6.75,0.62,0.6,7,0.35,0.21,"[205, 78, 79, 175, 242, 25, 253]"
Dev142,142,Dev137,137,8.5,0.83,6.0,0.53,0.59,8,0.41,0.24,"[71, 104, 205, 175, 79, 82, 85, 92]"
Dev142,142,Dev225,225,7.75,0.75,6.75,0.62,0.6,7,0.35,0.21,"[71, 205, 175, 82, 242, 92, 253]"
Dev140,140,Dev137,137,8.5,0.83,6.0,0.53,0.59,3,0.12,0.07,"[205, 79, 175]"
Dev140,140,Dev225,225,7.75,0.75,6.75,0.62,0.6,4,0.18,0.11,"[253, 242, 205, 175]"
Dev137,137,Dev225,225,8.5,0.83,6.0,0.53,0.59,5,0.24,0.14,"[71, 205, 175, 82, 92]"
Dev77,77,Dev104,104,8.0,0.78,9.0,0.88,0.77,4,0.18,0.14,"[176, 139, 69, 94]"
Dev77,77,Dev362,362,8.0,0.78,9.0,0.88,0.77,5,0.24,0.18,"[230, 105, 139, 108, 176]"
Dev77,77,Dev181,181,8.0,0.78,9.0,0.88,0.77,2,0.06,0.05,"[176, 230]"
Dev77,77,Dev365,365,8.0,0.78,9.0,0.88,0.77,5,0.24,0.18,"[231, 139, 268, 176, 94]"
Dev77,77,Dev65,65,8.0,0.78,9.0,0.88,0.77,2,0.06,0.05,"[176, 231]"
Dev77,77,Dev28,28,8.0,0.78,9.0,0.88,0.77,2,0.06,0.05,"[176, 231]"
Dev104,104,Dev362,362,8.0,0.78,9.0,0.88,0.77,2,0.06,0.05,"[176, 139]"
Dev104,104,Dev365,365,8.0,0.78,9.0,0.88,0.77,3,0.12,0.09,"[176, 139, 94]"
Dev362,362,Dev181,181,8.0,0.78,9.0,0.88,0.77,2,0.06,0.05,"[176, 230]"
Dev362,362,Dev365,365,8.0,0.78,9.0,0.88,0.77,2,0.06,0.05,"[176, 139]"
Dev181,181,Dev28,28,8.0,0.78,9.0,0.88,0.77,2,0.06,0.05,"[176, 82]"
Dev365,365,Dev65,65,8.0,0.78,9.0,0.88,0.77,2,0.06,0.05,"[176, 231]"
Dev365,365,Dev28,28,8.0,0.78,9.0,0.88,0.77,2,0.06,0.05,"[176, 231]"
Dev65,65,Dev28,28,8.0,0.78,9.0,0.88,0.77,2,0.06,0.05,"[176, 231]"
Dev326,326,Dev324,324,10.0,1.0,10.0,1.0,1.0,3,0.12,0.12,"[80, 177, 123]"
Dev326,326,Dev220,220,10.0,1.0,10.0,1.0,1.0,3,0.12,0.12,"[80, 177, 123]"
Dev326,326,Dev308,308,10.0,1.0,10.0,1.0,1.0,2,0.06,0.06,"[80, 177]"
Dev326,326,Dev305,305,10.0,1.0,10.0,1.0,1.0,3,0.12,0.12,"[177, 123, 217]"
Dev372,372,Dev305,305,9.0,0.89,9.0,0.88,0.85,2,0.06,0.05,"[177, 212]"
Dev324,324,Dev220,220,8.0,0.78,6.8,0.62,0.61,4,0.18,0.11,"[80, 177, 123, 215]"
Dev324,324,Dev359,359,10.0,1.0,10.0,1.0,1.0,2,0.06,0.06,"[177, 123]"
Dev324,324,Dev308,308,10.0,1.0,10.0,1.0,1.0,2,0.06,0.06,"[80, 177]"
Dev220,220,Dev359,359,10.0,1.0,10.0,1.0,1.0,4,0.18,0.18,"[123, 177, 91, 103]"
Dev220,220,Dev308,308,10.0,1.0,10.0,1.0,1.0,2,0.06,0.06,"[80, 177]"
Dev220,220,Dev448,448,10.0,1.0,10.0,1.0,1.0,2,0.06,0.06,"[177, 123]"
Dev359,359,Dev305,305,9.0,0.89,9.0,0.88,0.85,5,0.24,0.2,"[99, 103, 177, 212, 123]"
Dev308,308,Dev446,446,9.0,0.89,9.0,0.88,0.85,2,0.06,0.05,"[216, 177]"
Dev308,308,Dev305,305,9.33,0.93,9.33,0.92,0.9,3,0.12,0.11,"[216, 177, 213]"
Dev308,308,Dev170,170,9.0,0.89,9.0,0.88,0.85,2,0.06,0.05,"[216, 177]"
Dev5,5,Dev94,94,10.0,1.0,10.0,1.0,1.0,2,0.06,0.06,"[82, 179]"
Dev94,94,Dev381,381,9.0,0.89,6.15,0.55,0.63,2,0.06,0.04,"[201, 179]"
Dev94,94,Dev145,145,9.0,0.89,6.15,0.55,0.63,2,0.06,0.04,"[201, 179]"
Dev94,94,Dev63,63,9.0,0.89,6.15,0.55,0.63,2,0.06,0.04,"[201, 179]"
Dev94,94,Dev263,263,9.0,0.89,6.15,0.55,0.63,2,0.06,0.04,"[201, 179]"
Dev94,94,Dev27,27,10.0,1.0,10.0,1.0,1.0,2,0.06,0.06,"[82, 179]"
Dev94,94,Dev425,425,10.0,1.0,10.0,1.0,1.0,2,0.06,0.06,"[82, 179]"
Dev94,94,Dev411,411,10.0,1.0,10.0,1.0,1.0,2,0.06,0.06,"[82, 179]"
Dev94,94,Dev363,363,10.0,1.0,10.0,1.0,1.0,2,0.06,0.06,"[82, 179]"
Dev94,94,Dev447,447,10.0,1.0,10.0,1.0,1.0,2,0.06,0.06,"[82, 179]"
Dev381,381,Dev145,145,9.0,0.89,6.15,0.55,0.63,2,0.06,0.04,"[201, 179]"
Dev381,381,Dev63,63,9.0,0.89,6.15,0.55,0.63,2,0.06,0.04,"[201, 179]"
Dev381,381,Dev263,263,9.0,0.89,6.15,0.55,0.63,2,0.06,0.04,"[201, 179]"
Dev145,145,Dev214,214,10.0,1.0,10.0,1.0,1.0,8,0.41,0.41,"[162, 131, 68, 69, 48, 179, 22, 60]"
Dev145,145,Dev63,63,9.0,0.89,6.15,0.55,0.63,2,0.06,0.04,"[201, 179]"
Dev145,145,Dev263,263,9.0,0.89,6.15,0.55,0.63,2,0.06,0.04,"[201, 179]"
Dev63,63,Dev263,263,9.0,0.89,6.15,0.55,0.63,6,0.29,0.19,"[201, 140, 142, 50, 179, 63]"
Dev205,205,Dev250,250,10.0,1.0,9.5,0.94,0.96,4,0.18,0.17,"[192, 105, 108, 265]"
Dev205,205,Dev114,114,10.0,1.0,9.5,0.94,0.96,2,0.06,0.06,"[192, 265]"
Dev351,351,Dev114,114,10.0,1.0,9.5,0.94,0.96,3,0.12,0.11,"[192, 265, 83]"
Dev105,105,Dev114,114,10.0,1.0,9.5,0.94,0.96,2,0.06,0.06,"[192, 265]"
Dev250,250,Dev114,114,10.0,1.0,9.5,0.94,0.96,2,0.06,0.06,"[192, 265]"
Dev311,311,Dev114,114,10.0,1.0,9.5,0.94,0.96,2,0.06,0.06,"[192, 265]"
Dev14,14,Dev46,46,7.5,0.72,6.6,0.6,0.57,2,0.06,0.03,"[195, 196]"
Dev14,14,Dev180,180,7.5,0.72,6.6,0.6,0.57,2,0.06,0.03,"[195, 196]"
Dev161,161,Dev28,28,8.0,0.78,9.0,0.88,0.77,2,0.06,0.05,"[82, 195]"
Dev180,180,Dev28,28,8.0,0.78,9.0,0.88,0.77,2,0.06,0.05,"[82, 195]"
Dev14,14,Dev53,53,7.0,0.67,4.2,0.32,0.38,3,0.12,0.04,"[8, 196, 38]"
Dev14,14,Dev181,181,7.0,0.67,4.2,0.32,0.38,2,0.06,0.02,"[196, 5]"
Dev46,46,Dev335,335,8.0,0.78,4.6,0.36,0.46,2,0.06,0.03,"[210, 196]"
Dev46,46,Dev181,181,8.0,0.78,4.6,0.36,0.46,2,0.06,0.03,"[210, 196]"
Dev53,53,Dev335,335,7.0,0.67,4.2,0.32,0.38,2,0.06,0.02,"[82, 196]"
Dev53,53,Dev38,38,7.0,0.67,4.2,0.32,0.38,4,0.18,0.07,"[73, 82, 196, 113]"
Dev53,53,Dev137,137,7.0,0.67,4.2,0.32,0.38,4,0.18,0.07,"[82, 196, 92, 71]"
Dev53,53,Dev181,181,7.0,0.67,4.2,0.32,0.38,2,0.06,0.02,"[82, 196]"
Dev180,180,Dev335,335,8.0,0.78,4.6,0.36,0.46,3,0.12,0.05,"[210, 82, 196]"
Dev180,180,Dev38,38,7.0,0.67,4.2,0.32,0.38,2,0.06,0.02,"[82, 196]"
Dev180,180,Dev137,137,7.0,0.67,4.2,0.32,0.38,2,0.06,0.02,"[82, 196]"
Dev180,180,Dev181,181,8.0,0.78,4.6,0.36,0.46,3,0.12,0.05,"[210, 82, 196]"
Dev335,335,Dev38,38,7.0,0.67,4.2,0.32,0.38,2,0.06,0.02,"[82, 196]"
Dev335,335,Dev137,137,7.0,0.67,4.2,0.32,0.38,3,0.12,0.04,"[82, 196, 85]"
Dev335,335,Dev181,181,8.0,0.78,4.6,0.36,0.46,3,0.12,0.05,"[210, 82, 196]"
Dev38,38,Dev137,137,7.0,0.67,4.2,0.32,0.38,2,0.06,0.02,"[82, 196]"
Dev38,38,Dev181,181,7.0,0.67,4.2,0.32,0.38,2,0.06,0.02,"[82, 196]"
Dev137,137,Dev181,181,7.0,0.67,4.2,0.32,0.38,2,0.06,0.02,"[82, 196]"
Dev392,392,Dev335,335,9.0,0.89,5.0,0.41,0.54,2,0.06,0.03,"[210, 93]"
Dev242,242,Dev448,448,9.0,0.89,9.0,0.88,0.85,3,0.12,0.1,"[123, 211, 279]"
Dev242,242,Dev359,359,8.0,0.78,8.0,0.76,0.7,2,0.06,0.04,"[123, 212]"
Dev281,281,Dev305,305,10.0,1.0,10.0,1.0,1.0,2,0.06,0.06,"[123, 213]"
Dev281,281,Dev242,242,10.0,1.0,10.0,1.0,1.0,2,0.06,0.06,"[123, 213]"
Dev242,242,Dev308,308,9.0,0.89,9.0,0.88,0.85,3,0.12,0.1,"[80, 213, 216]"
Dev242,242,Dev324,324,6.0,0.56,3.6,0.25,0.3,3,0.12,0.04,"[80, 123, 215]"
Dev38,38,Dev358,358,10.0,1.0,7.0,0.65,0.75,2,0.06,0.04,"[232, 98]"
Dev119,119,Dev358,358,10.0,1.0,7.0,0.65,0.75,2,0.06,0.04,"[232, 98]"
Dev152,152,Dev358,358,10.0,1.0,7.0,0.65,0.75,2,0.06,0.04,"[232, 98]"
Dev18,18,Dev36,36,10.0,1.0,8.5,0.82,0.88,2,0.06,0.05,"[240, 239]"
Dev18,18,Dev363,363,10.0,1.0,8.5,0.82,0.88,2,0.06,0.05,"[240, 239]"
Dev18,18,Dev27,27,10.0,1.0,8.5,0.82,0.88,2,0.06,0.05,"[240, 239]"
Dev18,18,Dev411,411,10.0,1.0,8.5,0.82,0.88,2,0.06,0.05,"[240, 239]"
Dev18,18,Dev447,447,10.0,1.0,8.5,0.82,0.88,2,0.06,0.05,"[240, 239]"
Dev18,18,Dev425,425,10.0,1.0,8.5,0.82,0.88,2,0.06,0.05,"[240, 239]"
Dev18,18,Dev446,446,10.0,1.0,8.5,0.82,0.88,2,0.06,0.05,"[240, 239]"
Dev236,236,Dev446,446,10.0,1.0,7.0,0.65,0.75,2,0.06,0.04,"[239, 71]"
Dev16,16,Dev36,36,10.0,1.0,8.5,0.82,0.88,2,0.06,0.05,"[240, 239]"
Dev16,16,Dev363,363,10.0,1.0,8.5,0.82,0.88,2,0.06,0.05,"[240, 239]"
Dev16,16,Dev27,27,10.0,1.0,8.5,0.82,0.88,2,0.06,0.05,"[240, 239]"
Dev16,16,Dev411,411,10.0,1.0,8.5,0.82,0.88,2,0.06,0.05,"[240, 239]"
Dev16,16,Dev447,447,10.0,1.0,8.5,0.82,0.88,2,0.06,0.05,"[240, 239]"
Dev16,16,Dev425,425,10.0,1.0,8.5,0.82,0.88,2,0.06,0.05,"[240, 239]"
Dev16,16,Dev446,446,10.0,1.0,8.5,0.82,0.88,2,0.06,0.05,"[240, 239]"
Dev435,435,Dev446,446,10.0,1.0,7.0,0.65,0.75,2,0.06,0.04,"[79, 239]"
Dev36,36,Dev363,363,10.0,1.0,9.0,0.88,0.92,4,0.18,0.16,"[240, 258, 82, 239]"
Dev36,36,Dev27,27,10.0,1.0,9.0,0.88,0.92,4,0.18,0.16,"[240, 258, 82, 239]"
Dev36,36,Dev411,411,10.0,1.0,9.0,0.88,0.92,4,0.18,0.16,"[240, 258, 82, 239]"
Dev36,36,Dev447,447,10.0,1.0,9.0,0.88,0.92,4,0.18,0.16,"[240, 258, 82, 239]"
Dev36,36,Dev425,425,10.0,1.0,9.0,0.88,0.92,4,0.18,0.16,"[240, 258, 82, 239]"
Dev36,36,Dev446,446,10.0,1.0,9.0,0.88,0.92,3,0.12,0.11,"[240, 258, 239]"
Dev18,18,Dev178,178,10.0,1.0,10.0,1.0,1.0,3,0.12,0.12,"[240, 25, 78]"
Dev446,446,Dev227,227,10.0,1.0,10.0,1.0,1.0,2,0.06,0.06,"[240, 71]"
Dev446,446,Dev8,8,10.0,1.0,10.0,1.0,1.0,2,0.06,0.06,"[104, 240]"
Dev446,446,Dev178,178,10.0,1.0,10.0,1.0,1.0,2,0.06,0.06,"[240, 79]"
Dev29,29,Dev138,138,7.0,0.67,7.5,0.71,0.6,3,0.12,0.07,"[253, 242, 85]"
Dev29,29,Dev290,290,7.0,0.67,7.5,0.71,0.6,4,0.18,0.11,"[253, 82, 242, 85]"
Dev29,29,Dev140,140,7.0,0.67,7.5,0.71,0.6,2,0.06,0.04,"[242, 253]"
Dev29,29,Dev142,142,7.0,0.67,7.5,0.71,0.6,4,0.18,0.11,"[253, 82, 242, 85]"
Dev282,282,Dev81,81,6.5,0.61,6.0,0.53,0.47,5,0.24,0.11,"[256, 68, 69, 243, 119]"
Dev415,415,Dev81,81,6.5,0.61,6.0,0.53,0.47,3,0.12,0.06,"[256, 243, 119]"
Dev415,415,Dev336,336,6.5,0.61,6.0,0.53,0.47,4,0.18,0.08,"[256, 82, 243, 85]"
Dev415,415,Dev317,317,5.0,0.44,5.0,0.41,0.33,3,0.12,0.04,"[82, 243, 85]"
Dev81,81,Dev316,316,6.5,0.61,6.0,0.53,0.47,5,0.24,0.11,"[256, 68, 69, 243, 119]"
Dev81,81,Dev336,336,6.5,0.61,6.0,0.53,0.47,2,0.06,0.03,"[256, 243]"
Dev81,81,Dev370,370,6.5,0.61,6.0,0.53,0.47,3,0.12,0.06,"[256, 243, 68]"
Dev81,81,Dev317,317,5.0,0.44,5.0,0.41,0.33,3,0.12,0.04,"[243, 68, 69]"
Dev398,398,Dev336,336,5.0,0.44,5.0,0.41,0.33,3,0.12,0.04,"[82, 243, 85]"
Dev398,398,Dev317,317,5.0,0.44,5.0,0.41,0.33,4,0.18,0.06,"[82, 243, 85, 251]"
Dev316,316,Dev336,336,6.5,0.61,6.0,0.53,0.47,5,0.24,0.11,"[256, 82, 243, 85, 93]"
Dev316,316,Dev317,317,5.0,0.44,5.0,0.41,0.33,6,0.29,0.1,"[68, 69, 82, 243, 85, 93]"
Dev336,336,Dev370,370,6.5,0.61,6.0,0.53,0.47,3,0.12,0.06,"[256, 243, 93]"
Dev370,370,Dev317,317,5.0,0.44,5.0,0.41,0.33,3,0.12,0.04,"[243, 68, 93]"
Dev415,415,Dev399,399,8.0,0.78,7.0,0.65,0.63,3,0.12,0.07,"[256, 82, 85]"
Dev316,316,Dev399,399,8.0,0.78,7.0,0.65,0.63,3,0.12,0.07,"[256, 82, 85]"
Dev14,14,Dev36,36,10.0,1.0,10.0,1.0,1.0,2,0.06,0.06,"[258, 7]"
Dev14,14,Dev363,363,10.0,1.0,10.0,1.0,1.0,2,0.06,0.06,"[258, 103]"
Dev14,14,Dev27,27,10.0,1.0,10.0,1.0,1.0,2,0.06,0.06,"[258, 103]"
Dev14,14,Dev447,447,10.0,1.0,10.0,1.0,1.0,2,0.06,0.06,"[258, 5]"
Dev241,241,Dev363,363,10.0,1.0,10.0,1.0,1.0,2,0.06,0.06,"[258, 85]"
Dev241,241,Dev27,27,10.0,1.0,10.0,1.0,1.0,2,0.06,0.06,"[258, 85]"
Dev241,241,Dev411,411,10.0,1.0,10.0,1.0,1.0,2,0.06,0.06,"[258, 85]"
Dev241,241,Dev447,447,10.0,1.0,10.0,1.0,1.0,2,0.06,0.06,"[258, 85]"
Dev241,241,Dev425,425,10.0,1.0,10.0,1.0,1.0,2,0.06,0.06,"[258, 85]"
Dev241,241,Dev348,348,10.0,1.0,10.0,1.0,1.0,2,0.06,0.06,"[258, 270]"
Dev241,241,Dev382,382,10.0,1.0,10.0,1.0,1.0,2,0.06,0.06,"[258, 270]"
Dev446,446,Dev382,382,10.0,1.0,10.0,1.0,1.0,2,0.06,0.06,"[258, 79]"
Dev348,348,Dev382,382,10.0,1.0,10.0,1.0,1.0,2,0.06,0.06,"[258, 270]"
Dev154,154,Dev205,205,10.0,1.0,9.0,0.88,0.92,4,0.18,0.16,"[105, 108, 265, 94]"
